insert into card (id, en_sentence, rus_sentence, missed_word, topic, location)
values (3, 'On the contrary, it is a deep and heave responsibility.',
        'Напротив, это глубокая и тяжелая ответственность.', 2, 0, 'media/0003.mp3');

insert into card (id, en_sentence, rus_sentence, missed_word, topic, location)
values (4, 'I have not the faintest notion.',
        'Не имею ни малейшего представления.', 5, 0, 'media/0004.mp3');

insert into card (id, en_sentence, rus_sentence, missed_word, topic, location)
values (5, 'Just where the steep ascent of the mountain began, he stopped.',
        'Там, где начинается крутой подъем на гору, он остановился.', 4, 0, 'media/0005.mp3');

insert into card (id, en_sentence, rus_sentence, missed_word, topic, location)
values (6, 'The company intends to cut 400 jobs.',
        'Компания намеревается сократить 400 рабочих мест.', 2, 0, 'media/0006.mp3');

insert into card (id, en_sentence, rus_sentence, missed_word, topic, location)
values (7, 'I wish I had a brother to reciprocate.',
        'Жаль, что у меня нет брата, чтобы ответить взаимностью.', 7, 0, 'media/0007.mp3');

insert into card (id, en_sentence, rus_sentence, missed_word, topic, location)
values (8, 'The most elusive fruit here is a ripe watermelon.',
        'Самый неуловимый фрукт здесь это спелый арбуз.', 2, 0, 'media/0008.mp3');

insert into card (id, en_sentence, rus_sentence, missed_word, topic, location)
values (9, 'She appeared quite bewildered.',
        'Она казалась совершенно сбитой столку.', 3, 0, 'media/0009.mp3');

insert into card (id, en_sentence, rus_sentence, missed_word, topic, location)
values (10, 'She is able to replicate any action.',
        'Она способна копировать любое действие.', 4, 0, 'media/0010.mp3');

insert into card (id, en_sentence, rus_sentence, missed_word, topic, location)
values (11, 'He traversed more than half the length of the settlement.',
        'Он миновал большую часть поселка.', 1, 0, 'media/0011.mp3');

insert into card (id, en_sentence, rus_sentence, missed_word, topic, location)
values (12, 'The location is so crucial to the film.',
        'Место является ключевым для кино.', 4, 0, 'media/0012.mp3');

insert into card (id, en_sentence, rus_sentence, missed_word, topic, location)
values (13, 'You have craved power your whole life.',
        'Ты всю жизнь стремился к власти.', 2, 0, 'media/0013.mp3');

insert into card (id, en_sentence, rus_sentence, missed_word, topic, location)
values (14, 'England impose a tax on plastic bags.',
        'Англия облагает налогом пластиковые пакеты.', 1, 0, 'media/0014.mp3');

insert into card (id, en_sentence, rus_sentence, missed_word, topic, location)
values (15, 'Somehow, over time, it got easier to be apart from you.',
        'Как-то, со временем, мне стало легче быть вдали от тебя.', 2, 3, 'media/0015.mp3');

insert into card (id, en_sentence, rus_sentence, missed_word, topic, location)
values (16, 'Only diehard supporters will not learn something.',
        'Только самые убежденные сторонники ничему не научатся.', 1, 0, 'media/0016.mp3');

insert into card (id, en_sentence, rus_sentence, missed_word, topic, location)
values (17, 'She spots him and starts waving frantically.',
        'Она замечает его и начинает отчаянно махать руками.', 6, 0, 'media/0017.mp3');

insert into card (id, en_sentence, rus_sentence, missed_word, topic, location)
values (18, 'It makes my blood run cold.',
        'От этого моя кровь стынет в жилах.', 5, 3, 'media/0018.mp3');

insert into card (id, en_sentence, rus_sentence, missed_word, topic, location)
values (19, 'Now I am scarred for life.',
        'Теперь у меня травма на всю жизнь.', 3, 0, 'media/0019.mp3');

insert into card (id, en_sentence, rus_sentence, missed_word, topic, location)
values (20, 'I disliked what you were doing but had to grin and bear it.',
        'Мне не нравилось то, что ты делал, но мне пришлось улыбаться и терпеть это.', 11, 3, 'media/0020.mp3');

insert into card (id, en_sentence, rus_sentence, missed_word, topic, location)
values (21, 'There has been an outbreak of salmonella.',
        'Приозошла вспышка сальмонеллы.', 4, 0, 'media/0021.mp3');

insert into card (id, en_sentence, rus_sentence, missed_word, topic, location)
values (22, 'A Chinese saying has it that women hold up half of the sky.',
        'Китайская пословица гласит, что на женщинах держится полнеба.', 2, 0, 'media/0022.mp3');

insert into card (id, en_sentence, rus_sentence, missed_word, topic, location)
values (23, 'I am tired of hearing about your moans and groans.',
        'Мне надоело слушать, как ты охаешь и ахаешь.', 7, 3, 'media/0023.mp3');

insert into card (id, en_sentence, rus_sentence, missed_word, topic, location)
values (24, 'I have let my heart overpower my head.',
        'Я позволил своему сердцу взять верх над разумом.', 5, 0, 'media/0024.mp3');

insert into card (id, en_sentence, rus_sentence, missed_word, topic, location)
values (25, 'He moved along the pavement, deep in thought.',
        'Он шел по тротуару, погруженный в свои мысли.', 4, 0, 'media/0025.mp3');

insert into card (id, en_sentence, rus_sentence, missed_word, topic, location)
values (26, 'Never put off until tomorrow what you can do today.',
        'Никогда не откладывайте на завтра то, что вы можете сделать сегодня.', 1, 1, 'media/0026.mp3');

insert into card (id, en_sentence, rus_sentence, missed_word, topic, location)
values (27, 'Now is not time for quarrel!',
        'Сейчас не время для раздора!', 5, 0, 'media/0027.mp3');

insert into card (id, en_sentence, rus_sentence, missed_word, topic, location)
values (28, 'Smells of rotten leaves and mushrooms.',
        'Пахнет гнилыми листьями и грибами.', 2, 0, 'media/0028.mp3');

insert into card (id, en_sentence, rus_sentence, missed_word, topic, location)
values (29, 'Sailed past but never stopped over.',
        'Проплывал мимо, но никогда не останавливался.', 0, 0, 'media/0029.mp3');

insert into card (id, en_sentence, rus_sentence, missed_word, topic, location)
values (30, 'I tried to snatch it but he was too quick for me.',
        'Я пыталась выхватить, но он оказался проворнее.', 3, 0, 'media/0030.mp3');

insert into card (id, en_sentence, rus_sentence, missed_word, topic, location)
values (31, 'The school has received sufficient government funding.',
        'Школа получила существенную помощь от правительства.', 4, 0, 'media/0031.mp3');

insert into card (id, en_sentence, rus_sentence, missed_word, topic, location)
values (32, 'The only way to get rid of a temptation is to yield to it.',
        'Единственный способ отделаться от искушения - уступить ему.', 8, 0, 'media/0032.mp3');

insert into card (id, en_sentence, rus_sentence, missed_word, topic, location)
values (33, 'The idea of going to a Greek island appeals to me.',
        'Идея поехать на греческий остров меня привлекает.', 8, 0, 'media/0033.mp3');

insert into card (id, en_sentence, rus_sentence, missed_word, topic, location)
values (34, 'The police are appealing for witnesses to the attack.',
        'Полиция запрашивает свидетелей нападения.', 3, 0, 'media/0034.mp3');

insert into card (id, en_sentence, rus_sentence, missed_word, topic, location)
values (35, 'All living things have been desperately struggling to survive the harsh conditions of the planet.',
        'Все живые существа отчаянно боролись за выживание в суровых условиях планеты.', 5, 0, 'media/0035.mp3');

insert into card (id, en_sentence, rus_sentence, missed_word, topic, location)
values (36, 'This will lead to either evolution or extinction.',
        'Это приведет либо к эволюции, либо к вымиранию.', 7, 0, 'media/0036.mp3');

insert into card (id, en_sentence, rus_sentence, missed_word, topic, location)
values (37, 'Spiders make intricate webs.',
        'Пауки плетут запутанную паутину.', 2, 0, 'media/0037.mp3');

insert into card (id, en_sentence, rus_sentence, missed_word, topic, location)
values (38, 'Humans has managed to create the means to destroy the planet we live on.',
        'Людям удалось создать средства для уничтожения планеты, на которой мы живем.', 6, 0, 'media/0038.mp3');

insert into card (id, en_sentence, rus_sentence, missed_word, topic, location)
values (39, 'We tried to assess his suitability for the job.',
        'Мы попытались оценить его пригодность для этой работы.', 3, 0, 'media/0039.mp3');

insert into card (id, en_sentence, rus_sentence, missed_word, topic, location)
values (40, 'Detectives remain baffled by these murders.',
        'Детективы по-прежнему сбиты с толку этими убийствами.', 2, 0, 'media/0040.mp3');

insert into card (id, en_sentence, rus_sentence, missed_word, topic, location)
values (41, 'I have a biased view on that subject.',
        'У меня предвзятая позиция по этому вопросу.', 3, 0, 'media/0041.mp3');

insert into card (id, en_sentence, rus_sentence, missed_word, topic, location)
values (42, 'They consider it inevitable that some people will lost their jobs.',
        'Они считают неизбежным, что некоторые люди потеряют работу.', 3, 0, 'media/0042.mp3');

insert into card (id, en_sentence, rus_sentence, missed_word, topic, location)
values (43, 'I haven\'t got time to sit around contemplating the meaning of life.',
        'У меня нет времени сидеть сложа руки и размышлять о смысле жизни.', 7, 0, 'media/0043.mp3');

insert into card (id, en_sentence, rus_sentence, missed_word, topic, location)
values (44, 'I know that some of you are cynical about the proposals.',
        'Я знаю, что некоторые из вас цинично относятся к этим предложениям.', 7, 0, 'media/0044.mp3');

insert into card (id, en_sentence, rus_sentence, missed_word, topic, location)
values (45, 'Finding fossils, he deduced that the area had once been covered by water.',
        'Найдя окаменелости, он пришел к выводу, что эта местность когда-то была покрыта водой.', 3, 0, 'media/0045.mp3');

insert into card (id, en_sentence, rus_sentence, missed_word, topic, location)
values (46, 'The judges deliberated for an hour before choosing the winner.',
        'Судьи совещались в течение часа, прежде чем выбрать победителя.', 2, 0, 'media/0046.mp3');

insert into card (id, en_sentence, rus_sentence, missed_word, topic, location)
values (47, 'Long-range missiles attack simply cannot discriminate military and civilian targets.',
        'Атака ракетами большой дальности просто не может различать военные и гражданские цели.', 5, 0, 'media/0047.mp3');

insert into card (id, en_sentence, rus_sentence, missed_word, topic, location)
values (48, 'I am dubious about his ability to do the job.',
        'Я сомневаюсь в его способности выполнять эту работу.', 2, 0, 'media/0048.mp3');

insert into card (id, en_sentence, rus_sentence, missed_word, topic, location)
values (49, 'I am delighted to know you have such faith in me.',
        'Мне приятно знать, что вы так верите в меня.', 8, 0, 'media/0049.mp3');

insert into card (id, en_sentence, rus_sentence, missed_word, topic, location)
values (50, 'You are the new here, I gather.',
        'Ты здесь новенький, я так понимаю.', 6, 0, 'media/0050.mp3');

insert into card (id, en_sentence, rus_sentence, missed_word, topic, location)
values (51, 'He was finding it difficult to grasp the rule of the game.',
        'Ему было трудно понять правила игры.', 6, 0, 'media/0051.mp3');

insert into card (id, en_sentence, rus_sentence, missed_word, topic, location)
values (52, 'It was a theory based on pure guesswork.',
        'Это была теория, основанная на чистых догадках.', 7, 0, 'media/0052.mp3');

insert into card (id, en_sentence, rus_sentence, missed_word, topic, location)
values (53, 'I have a hunch there will an election soon.',
        'У меня есть предчувствие, что скоро будут выборы.', 3, 0, 'media/0053.mp3');

insert into card (id, en_sentence, rus_sentence, missed_word, topic, location)
values (54, 'This is an ingenious device for opening bottles.',
        'Это хитроумное приспособление для открывания бутылок.', 3, 0, 'media/0054.mp3');

insert into card (id, en_sentence, rus_sentence, missed_word, topic, location)
values (55, 'Archaeologists use their intuition to decide where to dig.',
        'Археологи используют свою интуицию, чтобы решить, где копать.', 3, 0, 'media/0055.mp3');

insert into card (id, en_sentence, rus_sentence, missed_word, topic, location)
values (56, 'You will be expected to justify your actions.',
        'От вас ожидают, что вы будете оправдывать свои действия.', 5, 0, 'media/0056.mp3');

insert into card (id, en_sentence, rus_sentence, missed_word, topic, location)
values (57, 'A bomb was the only plausible explanation for the crash.',
        'Бомба была единственным правдоподобным объяснением крушения.', 5, 0, 'media/0057.mp3');

insert into card (id, en_sentence, rus_sentence, missed_word, topic, location)
values (58, 'They played checkers together and pondered whether war would come.',
        'Они вместе играли в шашки и размышляли о том, придет ли война.', 8, 0, 'media/0058.mp3');

insert into card (id, en_sentence, rus_sentence, missed_word, topic, location)
values (59, 'I presume you have already ordered the lunch.',
        'Я полагаю, ты уже заказал обед.', 1, 0, 'media/0059.mp3');

insert into card (id, en_sentence, rus_sentence, missed_word, topic, location)
values (60, 'It is not for us to query his decision.',
        'Не нам оспаривать его решение.', 6, 0, 'media/0060.mp3');

insert into card (id, en_sentence, rus_sentence, missed_word, topic, location)
values (61, 'I reckon there is something wrong with him.',
        'Я считаю, что с ним что-то не так.', 1, 0, 'media/0061.mp3');

insert into card (id, en_sentence, rus_sentence, missed_word, topic, location)
values (62, 'Josie reflected on how easily she could have been killed.',
        'Джози размышляла о том, как легко ее могли убить.', 1, 0, 'media/0062.mp3');

insert into card (id, en_sentence, rus_sentence, missed_word, topic, location)
values (63, 'We can only speculate on the reasons for his sudden resignation.',
        'Мы можем только строить догадки о причинах его внезапной отставки.', 3, 0, 'media/0063.mp3');

insert into card (id, en_sentence, rus_sentence, missed_word, topic, location)
values (64, 'Simon is a very conscientious worker.',
        'Саймон очень добросовестный работник.', 4, 0, 'media/0064.mp3');

insert into card (id, en_sentence, rus_sentence, missed_word, topic, location)
values (65, 'My exams in two weeks, so I am cramming at the moment.',
        'Мои экзамены через две недели, так что сейчас я зубрю.', 8, 0, 'media/0065.mp3');

insert into card (id, en_sentence, rus_sentence, missed_word, topic, location)
values (66, 'Our mathematics curriculum is much boarder now.',
        'Наша учебная программа по математике теперь намного шире.', 2, 0, 'media/0066.mp3');

insert into card (id, en_sentence, rus_sentence, missed_word, topic, location)
values (67, 'There are not many careers for history graduates.',
        'Существует не так много профессий для выпускников исторических факультетов.', 7, 0, 'media/0067.mp3');

insert into card (id, en_sentence, rus_sentence, missed_word, topic, location)
values (68, 'I was ignorant to the terms used in business.',
        'Я был незнаком с терминами, используемыми в бизнесе.', 2, 0, 'media/0068.mp3');

insert into card (id, en_sentence, rus_sentence, missed_word, topic, location)
values (69, 'I hate speaking in front of an inattentive audience.',
        'Я ненавижу выступать перед невнимательной аудиторией.', 7, 0, 'media/0069.mp3');

insert into card (id, en_sentence, rus_sentence, missed_word, topic, location)
values (70, 'He is extremely knowledgeable about finance.',
        'Он чрезвычайно хорошо осведомлен в финансах.', 3, 0, 'media/0070.mp3');

insert into card (id, en_sentence, rus_sentence, missed_word, topic, location)
values (71, 'She lectures on Greek Literature at the Sorbonne.',
        'Она читает лекции по греческой литературе в Сорбонне.', 1, 0, 'media/0071.mp3');

insert into card (id, en_sentence, rus_sentence, missed_word, topic, location)
values (72, 'We have got our mock exams next month.',
        'В следующем месяце у нас пробные экзамены.', 4, 0, 'media/0072.mp3');

insert into card (id, en_sentence, rus_sentence, missed_word, topic, location)
values (73, 'They accused her of plagiarizing speech.',
        'Они обвинили ее в плагиате речи.', 4, 0, 'media/0073.mp3');

insert into card (id, en_sentence, rus_sentence, missed_word, topic, location)
values (74, 'He has been getting private tuition in French.',
        'Он получал частное обучение французскому языку.', 5, 0, 'media/0074.mp3');

insert into card (id, en_sentence, rus_sentence, missed_word, topic, location)
values (75, 'If you wanna keep up, you better brush up on your skills.',
        'Если ты не хочешь отставать, тебе стоит освежить свои навыки.', 8, 1, 'media/0075.mp3');

insert into card (id, en_sentence, rus_sentence, missed_word, topic, location)
values (76, 'But lately I have come around to her way of view.',
        'Но недавно я принял ее точку зрения.', 5, 1, 'media/0076.mp3');

insert into card (id, en_sentence, rus_sentence, missed_word, topic, location)
values (77, 'You know, it\'s easier to come up with a new plan in silence.',
        'Знаешь, новый план легче придумывать в тишине.', 6, 1, 'media/0077.mp3');

insert into card (id, en_sentence, rus_sentence, missed_word, topic, location)
values (78, 'I was being too young and foolish to face up to it.',
        'Я был слишком молод и глуп, чтобы признать это.', 8, 1, 'media/0078.mp3');

insert into card (id, en_sentence, rus_sentence, missed_word, topic, location)
values (79, 'Quickly racking his brain, he hit upon a promising idea.',
        'Быстро поразмыслив, он наткнулся на многообещающую идею.', 6, 1, 'media/0079.mp3');

insert into card (id, en_sentence, rus_sentence, missed_word, topic, location)
values (80, 'But it was impossible to make out what he said.',
        'Но нельзя было разобрать, что он говорил.', 6, 1, 'media/0080.mp3');

insert into card (id, en_sentence, rus_sentence, missed_word, topic, location)
values (81, 'I\'m just quietly mulling over whether or not I should fire you.',
        'Я потихоньку обдумываю увольнять тебя или нет.', 3, 1, 'media/0081.mp3');

insert into card (id, en_sentence, rus_sentence, missed_word, topic, location)
values (82, 'When he heard about the gun, he must have pieced it together.',
        'Когда он услышал о пистолете, должно быть, он соединил все факты.', 9, 1, 'media/0082.mp3');

insert into card (id, en_sentence, rus_sentence, missed_word, topic, location)
values (83, 'I need to read up on the rules before then.',
        'Перед этим нужно ознакомиться с правилами.', 4, 1, 'media/0083.mp3');

insert into card (id, en_sentence, rus_sentence, missed_word, topic, location)
values (84, 'I\'ve swotted up on all procedures and I\'ve made these flash cards.',
        'Я вызубрила все процедуры и подготовила эти карточки с текстом.', 1, 1, 'media/0084.mp3');

insert into card (id, en_sentence, rus_sentence, missed_word, topic, location)
values (85, 'Don\'t take it so seriously, it\'s just a bit of fun.',
        'Не воспринимай это так серьезно, это же просто забава.', 1, 1, 'media/0085.mp3');

insert into card (id, en_sentence, rus_sentence, missed_word, topic, location)
values (86, 'I will give you two days to think it over.',
        'На размышление я даю вам два дня.', 9, 1, 'media/0086.mp3');

insert into card (id, en_sentence, rus_sentence, missed_word, topic, location)
values (87, 'The visit made us think through other ways to get out of poverty.',
        'Этот визит заставил нас подумать о других способах выбраться из бедности.', 5, 1, 'media/0087.mp3');

insert into card (id, en_sentence, rus_sentence, missed_word, topic, location)
values (88, 'The best advertising was impossible to think up.',
        'Лучшую рекламу было просто невозможно придумать.', 6, 1, 'media/0088.mp3');

insert into card (id, en_sentence, rus_sentence, missed_word, topic, location)
values (89, 'Fame and fortune had gone to his head.',
        'Слава и богатство вскружили ему в голову.', 4, 2, 'media/0089.mp3');

insert into card (id, en_sentence, rus_sentence, missed_word, topic, location)
values (90, 'She managed to keep her wits about her and escaped unharmed.',
        'Ей удалось сохранить самообладание и сбежать целой и невредимой.', 5, 2, 'media/0090.mp3');

insert into card (id, en_sentence, rus_sentence, missed_word, topic, location)
values (91, 'He also keeps her in the dark about their grandchild.',
        'Он также держит её в неведении относительно их внучки.', 6, 2, 'media/.mp3');

insert into card (id, en_sentence, rus_sentence, missed_word, topic, location)
values (92, 'If you have no witnesses, you don\'t have a leg to stand on.',
        'Если у вас нет свидетелей, вам не на что опереться.', 11, 2, 'media/.mp3');

insert into card (id, en_sentence, rus_sentence, missed_word, topic, location)
values (93, 'I can not see the wood for the trees, so let\'s get an outsider to take a look at the project.',
        'Я не вижу леса за деревьями, так что давайте попросим постороннего взглянуть на проект.', 8, 2, 'media/.mp3');

insert into card (id, en_sentence, rus_sentence, missed_word, topic, location)
values (94, 'She is not an intellectual, but is quick on the uptake.',
        'Она не интеллектуалка, но соображает быстро.', 10, 2, 'media/.mp3');

insert into card (id, en_sentence, rus_sentence, missed_word, topic, location)
values (95, 'That name rings a bell but I cannot recall where I have heard it before.',
        'Припоминаю это имя, но я не могу вспомнить, где я слышал его раньше.', 4, 2, 'media/.mp3');

insert into card (id, en_sentence, rus_sentence, missed_word, topic, location)
values (96, 'I am going to round the bend if they don\'t turn that music down.',
        'Я сойду с ума, если они не убавят эту музыку.', 4, 2, 'media/.mp3');

insert into card (id, en_sentence, rus_sentence, missed_word, topic, location)
values (97, 'As a lawyer I split hairs so much that every case became a hopeless.',
        'Как юрист я придирался к каждой мелочи, поэтому каждое дело становилось безнадежным.', 5, 2, 'media/.mp3');

insert into card (id, en_sentence, rus_sentence, missed_word, topic, location)
values (98, 'Birthdays make me take stock of where I am in life.',
        'Дни рождения заставляют меня проанализировать, где я нахожусь в жизни.', 4, 2, 'media/.mp3');

insert into card (id, en_sentence, rus_sentence, missed_word, topic, location)
values (99, 'I gave an account of a circumstance which occurred in my presence on the 13th.',
        'Я дал отчет об обстоятельствах, которые произошли в моем присутствии 13-го числа.', 8, 0, 'media/.mp3');

insert into card (id, en_sentence, rus_sentence, missed_word, topic, location)
values (100, 'This should take account of policies for information dissemination and entitlement.',
        'При этом следует учитывать политику распространения информации и предоставления прав.', 10, 0, 'media/.mp3');

 insert into card (id, en_sentence, rus_sentence, missed_word, topic, location)
 values (101, 'The meeting was adjourned on account of the absence of witnesses.',
         'Заседание было отложено из-за отсутствия свидетелей.', 3, 0, 'media/.mp3');

insert into card (id, en_sentence, rus_sentence, missed_word, topic, location)
values (102, 'Not when the future of our country hangs in the balance.',
        'Только не в то время, когда будущее страны висит на волоске.', 7, 3, 'media/.mp3');

insert into card (id, en_sentence, rus_sentence, missed_word, topic, location)
values (103, 'Strike a balance between workouts and proper nutrition.',
        'Соблюдайте баланс между тренировками и правильным питанием.', 0, 2, 'media/.mp3');

insert into card (id, en_sentence, rus_sentence, missed_word, topic, location)
values (104, 'But, on balance, we are on the right track..',
        'Однако, в целом, мы находимся на верном пути.', 2, 2, 'media/.mp3');

insert into card (id, en_sentence, rus_sentence, missed_word, topic, location)
values (105, 'Both sides have come together to redress the balance.',
        'Обе стороны собрались вместе, чтобы восстановить равновесие.', 8, 0, 'media/.mp3');

insert into card (id, en_sentence, rus_sentence, missed_word, topic, location)
values (106, 'With frequent use, they can upset the balance of the normal microbial environment on skin.',
        'При частом использовании они могут нарушить баланс нормальной микробной среды на коже.', 5, 2, 'media/.mp3');

insert into card (id, en_sentence, rus_sentence, missed_word, topic, location)
values (107, 'It is a widely held belief that foreigners are jumping the queue for council housing.',
        'Широко распространено мнение, что иностранцы встают в очередь на муниципальное жилье.', 3, 3, 'media/.mp3');

insert into card (id, en_sentence, rus_sentence, missed_word, topic, location)
values (108, 'Carter was the brain behind the whole criminal operation.',
        'Картер был мозгом всей преступной операции.', 4, 3, 'media/.mp3');

insert into card (id, en_sentence, rus_sentence, missed_word, topic, location)
values (109, 'Could I just pick your brain about good places to eat around here?',
        'Могу я узнать, где здесь можно поесть?', 5, 3, 'media/.mp3');

insert into card (id, en_sentence, rus_sentence, missed_word, topic, location)
values (110, 'We sat there racking our brain trying to think of a place to take Paul in the evening.',
        'Мы сидели, ломая голову, пытаясь придумать, куда бы отвезти Пола вечером.', 3, 3, 'media/.mp3');

insert into card (id, en_sentence, rus_sentence, missed_word, topic, location)
values (111, 'The market is the brainchild of several banks that "create supply and demand".',
        'Рынок – это детище нескольких банков, которые «создают спрос и предложение».', 4, 3, 'media/.mp3');

insert into card (id, en_sentence, rus_sentence, missed_word, topic, location)
values (112, 'It is time to bring this inquiry to a conclusion.',
        'Пришло время довести это расследование до конца.', 4, 3, 'media/.mp3');

insert into card (id, en_sentence, rus_sentence, missed_word, topic, location)
values (113, 'Don\'t want to jump to conclusions here, but we assume that that bomb was meant for you.',
        'Не хочу торопиться с выводами, но мы предпологаем, что эта бомба предназначалась вам.', 2, 3, 'media/.mp3');

insert into card (id, en_sentence, rus_sentence, missed_word, topic, location)
values (114, 'In other words, the election result is already a foregone conclusion.',
        'Другими словами, результат выборов уже предрешен.', 9, 3, 'media/.mp3');

insert into card (id, en_sentence, rus_sentence, missed_word, topic, location)
values (115, 'Motorists should always show consideration for pedestrians crossing the street at a zebra crossing.',
        'Автомобилисты всегда должны проявлять внимание к пешеходам, переходящим улицу по зебре.', 3, 3, 'media/.mp3');

insert into card (id, en_sentence, rus_sentence, missed_word, topic, location)
values (116, 'I will give some consideration to your proposals and get back to you.',
        'Я рассмотрю ваши предложения и свяжусь с вами.', 2, 3, 'media/.mp3');

insert into card (id, en_sentence, rus_sentence, missed_word, topic, location)
values (117, 'We stupidly didn\'t take changes in interest rates into consideration when we got a mortgage.',
        'Мы по глупости не учли изменения процентных ставок, когда брали ипотеку.', 9, 3, 'media/.mp3');

insert into card (id, en_sentence, rus_sentence, missed_word, topic, location)
values (118, 'I didn\'t tell Angie out of consideration for Eddie.',
        'Я не сказал Энджи из уважения к Эдди.', 3, 3, 'media/.mp3');

insert into card (id, en_sentence, rus_sentence, missed_word, topic, location)
values (119, 'This findings cast doubt on previous research done in this field.',
        'Эти результаты ставят под сомнение предыдущие исследования, проведенные в этой области.', 2, 3, 'media/.mp3');

insert into card (id, en_sentence, rus_sentence, missed_word, topic, location)
values (120, 'A shadow of a doubt as to my conduct would bring the matter to an end.".',
        'Тень сомнения относительно моего поведения положила бы этому делу конец.', 4, 3, 'media/.mp3');

insert into card (id, en_sentence, rus_sentence, missed_word, topic, location)
values (121, 'I have had the same recurring dream for four nights in a row.',
        'Четыре ночи подряд мне снился один и тот же повторяющийся сон.', 5, 3, 'media/.mp3');

insert into card (id, en_sentence, rus_sentence, missed_word, topic, location)
values (122, 'His growths recur, build up and threaten his larynx and lungs.',
        'Его опухоли рецидивируют, растут и угрожают его гортани и легким.', 1, 0, 'media/.mp3');

insert into card (id, en_sentence, rus_sentence, missed_word, topic, location)
values (123, 'Philip does a comical impression of Tony.',
        'Филип забавно пародирует Тони.', 4, 3, 'media/.mp3');

insert into card (id, en_sentence, rus_sentence, missed_word, topic, location)
values (124, 'Why was I under the impression that the exam on Thursday?',
        'Почему у меня сложилось впечатление, что экзамен в четверг?', 3, 3, 'media/.mp3');

insert into card (id, en_sentence, rus_sentence, missed_word, topic, location)
values (125, 'Jim seems to be under the misapprehension that tomorrow is a holiday.',
        'Джим, похоже, находится в заблуждении, что завтра праздник.', 6, 0, 'media/.mp3');

insert into card (id, en_sentence, rus_sentence, missed_word, topic, location)
values (126, 'This perspective appears to be at the core of a new national security strategy.',
        'Эта точка зрения, по-видимому, лежит в основе новой стратегии национальной безопасности.', 1, 0, 'media/.mp3');

insert into card (id, en_sentence, rus_sentence, missed_word, topic, location)
values (127, 'I swear, you will go broke in this business trying to stick to your principles.',
        'Клянусь, ты разоришься в этом бизнесе, пытаясь придерживаться своих принципов.', 10, 3, 'media/.mp3');

insert into card (id, en_sentence, rus_sentence, missed_word, topic, location)
values (128, 'But recent events beg the question of whether they are becoming a liability.',
        'Но недавние события вызывают вопрос о том, не становятся ли они обузой.', 12, 0, 'media/.mp3');

insert into card (id, en_sentence, rus_sentence, missed_word, topic, location)
values (129, 'I am here to hold the government to account and to ask the awkward questions.',
        'Я здесь для того, чтобы призвать правительство к ответу и задать неудобные вопросы.', 13, 0, 'media/.mp3');

insert into card (id, en_sentence, rus_sentence, missed_word, topic, location)
values (130, 'Dad said that my borrowing the car tonight was out of the question.',
        'Папа сказал, что о моем одолжении машины сегодня не может быть и речи.', 12, 3, 'media/.mp3');

insert into card (id, en_sentence, rus_sentence, missed_word, topic, location)
values (131, 'Unplugging a toaster before you try to fix it is just common sense.',
        'Отключать тостер от сети, прежде чем пытаться его починить, - это просто здравый смысл.', 11, 3, 'media/.mp3');

insert into card (id, en_sentence, rus_sentence, missed_word, topic, location)
values (132, 'To have some rest from noisy streets and to come to your senses it is better to go there.',
        'Чтобы немного передохнуть от шумных улиц и прийти в себя, лучше идти сюда.', 12, 3, 'media/.mp3');

insert into card (id, en_sentence, rus_sentence, missed_word, topic, location)
values (133, 'Your silence makes me fear you take sides.',
        'Твое молчание заставляет меня бояться, что ты встанешь на чью-то сторону.', 7, 3, 'media/.mp3');

insert into card (id, en_sentence, rus_sentence, missed_word, topic, location)
values (134, 'I will come straight to the point - you are hired!',
        'Я перейду прямо к делу - вы наняты!', 3, 3, 'media/.mp3');

insert into card (id, en_sentence, rus_sentence, missed_word, topic, location)
values (135, 'It is time to set the record straight about what really happened that night.',
        'Пришло время внести ясность в то, что на самом деле произошло той ночью.', 12, 3, 'media/.mp3');

insert into card (id, en_sentence, rus_sentence, missed_word, topic, location)
values (136, 'Modern students take a dim view of the traditional education model.',
        'Современные студенты плохо воспринимают традиционную модель обучения.', 4, 3, 'media/.mp3');

insert into card (id, en_sentence, rus_sentence, missed_word, topic, location)
values (137, 'You are not only greedy, you are conceited.',
        'Вы не только скупые, но и тщеславные.', 12, 3, 'media/.mp3');

insert into card (id, en_sentence, rus_sentence, missed_word, topic, location)
values (138, 'Her sluggish temperament made her appreciate noisy people.',
        'Ее вялый характер заставил ее ценить шумных людей.', 1, 0, 'media/.mp3');

insert into card (id, en_sentence, rus_sentence, missed_word, topic, location)
values (139, 'You are very cheeky for a temporary employee.',
        'Вы очень нахальны для временного сотрудника.', 2, 0, 'media/.mp3');

insert into card (id, en_sentence, rus_sentence, missed_word, topic, location)
values (140, 'I need to dash to the supermarket before it closes.',
        'Мне нужно сбегать в супермаркет, пока он не закрылся.', 3, 0, 'media/.mp3');

insert into card (id, en_sentence, rus_sentence, missed_word, topic, location)
values (141, 'I do not really do a lot of strenuous activity.',
        'На самом деле, я не очень усердно работаю.', 8, 0, 'media/.mp3');

insert into card (id, en_sentence, rus_sentence, missed_word, topic, location)
values (142, 'They got into a drunken brawl last weekend.',
        'Они ввязались в пьяную драку в прошлые выходные.', 5, 0, 'media/.mp3');

insert into card (id, en_sentence, rus_sentence, missed_word, topic, location)
values (143, 'This hairspray made my hair so stiff.',
        'Этот лак для волос сделал мои волосы такими жесткими.', 6, 0, 'media/.mp3');

insert into card (id, en_sentence, rus_sentence, missed_word, topic, location)
values (144, 'I grew up on a ship so I had an unconventional childhood.',
        'Я вырос на корабле, так что у меня было необычное детство.', 10, 0, 'media/.mp3');

insert into card (id, en_sentence, rus_sentence, missed_word, topic, location)
values (145, 'The paper towel has absorbed al the water.',
        'Бумажное полотенце впитало всю воду.', 12, 3, 'media/.mp3');

insert into card (id, en_sentence, rus_sentence, missed_word, topic, location)
values (146, 'There is no way we can drive in this appalling weather.',
        'Мы не можем ехать в такую ужасную погоду.', 9, 0, 'media/.mp3');

insert into card (id, en_sentence, rus_sentence, missed_word, topic, location)
values (147, 'Can anyone corroborate your story?',
        'Кто-нибудь может подтвердить вашу историю?', 2, 0, 'media/.mp3');

insert into card (id, en_sentence, rus_sentence, missed_word, topic, location)
values (148, 'My mum is nagging me to clean my room.',
        'Моя мама пилит меня из-за уборки в моей комнате.', 3, 0, 'media/.mp3');

insert into card (id, en_sentence, rus_sentence, missed_word, topic, location)
values (149, 'I spent the whole day fretting about my exam results.',
        'Я провел весь день, беспокоясь о результатах своего экзамена.', 5, 0, 'media/.mp3');

insert into card (id, en_sentence, rus_sentence, missed_word, topic, location)
values (150, 'Itching your skin will only aggravate the rash further.',
        'Чесание кожи только усугубит сыпь еще больше.', 5, 0, 'media/.mp3');

insert into card (id, en_sentence, rus_sentence, missed_word, topic, location)
values (151, 'He gets frustrated when things are not perfect.',
        'Он расстраивается, когда дела идут не идеально.', 2, 0, 'media/.mp3');

insert into card (id, en_sentence, rus_sentence, missed_word, topic, location)
values (152, 'I hate wearing all this cumbersome equipment for diving.',
        'Я ненавижу носить все это громоздкое снаряжение для дайвинга.', 5, 0, 'media/.mp3');

insert into card (id, en_sentence, rus_sentence, missed_word, topic, location)
values (153, 'The children are a little boisterous today.',
        'Дети сегодня немного шумные.', 5, 0, 'media/.mp3');

insert into card (id, en_sentence, rus_sentence, missed_word, topic, location)
values (154, 'Sorry, we are moving, so my apartment is a little chaotic at moment.',
        'Извините, мы переезжаем, поэтому в моей квартире сейчас небольшой хаос.', 10, 0, 'media/.mp3');

insert into card (id, en_sentence, rus_sentence, missed_word, topic, location)
values (155, 'There is a certain allure to being a movie star.',
        'Есть некоторое очарование в том, чтобы быть кинозвездой.', 4, 0, 'media/.mp3');

insert into card (id, en_sentence, rus_sentence, missed_word, topic, location)
values (156, 'Paparazzi are always trying to pry into the lives of celebrities.',
        'Папарацци всегда пытаются проникнуть в жизнь знаменитостей.', 5, 0, 'media/.mp3');

insert into card (id, en_sentence, rus_sentence, missed_word, topic, location)
values (157, 'A few years ago I was backpacking across Western Europe.',
        'Несколько лет назад я занимался пешим туризмом в Западной Европе.', 6, 0, 'media/.mp3');

insert into card (id, en_sentence, rus_sentence, missed_word, topic, location)
values (158, 'It is said that the guerrillas made an attempt to kidnap General.',
        'Говорят, что партизаны предприняли попытку похитить генерала.', 10, 0, 'media/.mp3');

insert into card (id, en_sentence, rus_sentence, missed_word, topic, location)
values (159, 'She said I could frown before I could walk.',
        'Она говорила, я умел хмуриться прежде, чем я научился ходить.', 4, 0, 'media/.mp3');

insert into card (id, en_sentence, rus_sentence, missed_word, topic, location)
values (160, 'In cities all over the world flute bands are being removed and quarantined.',
        'Во всех городах мира, флейтовые группы убирают с улиц и изолируют.', 6, 0, 'media/.mp3');

insert into card (id, en_sentence, rus_sentence, missed_word, topic, location)
values (161, 'She wore a black dress and her only ornament was a gold chain with a cross.',
        'На ней было черное платье и ее единственным украшением была золотая цепочка с крестиком.', 8, 0, 'media/.mp3');

insert into card (id, en_sentence, rus_sentence, missed_word, topic, location)
values (162, 'It was a hassle to get visa.',
        'Получить визу было непросто.', 3, 0, 'media/.mp3');

insert into card (id, en_sentence, rus_sentence, missed_word, topic, location)
values (163, 'They were made drowsy by the long ride.',
        'Они стали сонными из-за длинной поездки.', 3, 0, 'media/.mp3');

insert into card (id, en_sentence, rus_sentence, missed_word, topic, location)
values (164, 'They went for a stroll in the park.',
        'Они пошли на прогулку в парк.', 4, 0, 'media/.mp3');

insert into card (id, en_sentence, rus_sentence, missed_word, topic, location)
values (165, 'He knew that he was in extreme peril.',
        'Он знал, что находился в большой опасности.', 7, 0, 'media/.mp3');

insert into card (id, en_sentence, rus_sentence, missed_word, topic, location)
values (166, 'She took him with bows and smiles.',
        'Она приняла его с поклонами и улыбками.', 4, 0, 'media/.mp3');

insert into card (id, en_sentence, rus_sentence, missed_word, topic, location)
values (167, 'The waiter tried to soothe the angry customer.',
        'Официант попытался успокоить разгневанного клиента.', 4, 0, 'media/.mp3');

insert into card (id, en_sentence, rus_sentence, missed_word, topic, location)
values (168, 'Ships and the intrepid seafarers remain a vital part of the world economy.',
        'Корабли и бесстрашные моряки остаются жизненно важной частью мировой экономики.', 3, 0, 'media/.mp3');

insert into card (id, en_sentence, rus_sentence, missed_word, topic, location)
values (169, 'Fear, hope, dismay featured every face.',
        'Страх, надежда, смятение отражались на каждом лице.', 2, 0, 'media/.mp3');

insert into card (id, en_sentence, rus_sentence, missed_word, topic, location)
values (170, 'How would you let that man outplay you?',
        'Как ты позволила этому человеку обыграть тебя?', 6, 0, 'media/.mp3');

insert into card (id, en_sentence, rus_sentence, missed_word, topic, location)
values (171, 'She has displayed a profound contempt for her opponents.',
        'Она продемонстрировала глубокое презрение к своим оппонентам.', 5, 0, 'media/.mp3');

insert into card (id, en_sentence, rus_sentence, missed_word, topic, location)
values (172, 'This allowed farmers to eliminate entire flocks of these pesky animals.',
        'Это позволило фермерам уничтожить целые стаи этих надоедливых птиц.', 9, 0, 'media/.mp3');

insert into card (id, en_sentence, rus_sentence, missed_word, topic, location)
values (173, 'She shivered suddenly and held her head high.',
        'Она внезапно вздрогнула и высоко подняла голову.', 1, 0, 'media/.mp3');

insert into card (id, en_sentence, rus_sentence, missed_word, topic, location)
values (174, 'The kidnappers tied him up and blindfolded him.',
        'Похитители связали его и завязали глаза.', 6, 0, 'media/.mp3');

insert into card (id, en_sentence, rus_sentence, missed_word, topic, location)
values (175, 'From improper handling and install door can squeak and poorly covered.',
        'От неправильного обращения и установки дверь может скрипеть и плохо закрываться.', 7, 0, 'media/.mp3');

insert into card (id, en_sentence, rus_sentence, missed_word, topic, location)
values (176, 'It was impudent of her to answer like that.',
        'Это было наглостью с ее стороны отвечать так.', 2, 0, 'media/.mp3');

insert into card (id, en_sentence, rus_sentence, missed_word, topic, location)
values (177, 'In his realistic paintings, ships do not rarely die in the sea abyss.',
        'На его реалистичных картинах корабли не редко погибают в морской бездне.', 9, 0, 'media/.mp3');

insert into card (id, en_sentence, rus_sentence, missed_word, topic, location)
values (178, 'Place these lanterns on the shore line and bridges.',
        'Поместите эти фонари на береговую линию и мосты.', 5, 0, 'media/.mp3');

insert into card (id, en_sentence, rus_sentence, missed_word, topic, location)
values (179, 'Five men were fishing in a inflatable boat near a beach resort.',
        'Пятеро мужчин ловили рыбу на надувной лодке недалеко от пляжного курорта.', 6, 0, 'media/.mp3');

insert into card (id, en_sentence, rus_sentence, missed_word, topic, location)
values (180, 'His students were docile and eager to learn.',
        'Его ученики были послушными и стремились учиться.', 3, 0, 'media/.mp3');

insert into card (id, en_sentence, rus_sentence, missed_word, topic, location)
values (181, 'One of the goals of the breed was to get a fast, frisky horse.',
        'Одной из целей разведения являлось получение скоростной, резвой лошади.', 12, 0, 'media/.mp3');

insert into card (id, en_sentence, rus_sentence, missed_word, topic, location)
values (182, 'Take your filthy paws off me!',
        'Убери от меня свои грязные лапы!', 3, 0, 'media/.mp3');

insert into card (id, en_sentence, rus_sentence, missed_word, topic, location)
values (183, 'The country developed into a mighty superpower.',
        'Страна превратилась в могущественную сверхдержаву.', 5, 0, 'media/.mp3');

insert into card (id, en_sentence, rus_sentence, missed_word, topic, location)
values (184, 'Show the child to the doctor if hiccup is repeated regularly within two weeks.',
        'Покажите ребенка врачу, если икота повторяется регулярно в течение двух недель.', 7, 0, 'media/.mp3');

insert into card (id, en_sentence, rus_sentence, missed_word, topic, location)
values (185, 'Happiness is stopping and savouring the moment.',
        'Счастье - это возможность остановиться и насладиться моментом.', 4, 0, 'media/.mp3');

insert into card (id, en_sentence, rus_sentence, missed_word, topic, location)
values (186, 'The solvent of the iodine is perfectly transparent.',
        'Растворитель йода совершенно прозрачен.', 7, 0, 'media/.mp3');

insert into card (id, en_sentence, rus_sentence, missed_word, topic, location)
values (187, 'I put my hand up to my head and took off the curly wig.',
        'Я поднесла руку к голове и сняла кудрявый парик.', 13, 0, 'media/.mp3');

insert into card (id, en_sentence, rus_sentence, missed_word, topic, location)
values (188, 'You have been wrinkled and disheveled for two days.',
        'Вы ходите помятым и взъерошенным в течение двух дней.', 5, 0, 'media/.mp3');

insert into card (id, en_sentence, rus_sentence, missed_word, topic, location)
values (189, 'On the seventeenth day of the three weary travelers have almost reached the island.',
        'На семнадцатый день трое измученных путешественников почти достигли острова.', 9, 0, 'media/.mp3');

insert into card (id, en_sentence, rus_sentence, missed_word, topic, location)
values (190, 'Would anybody like to share their thoughts on why policy of appeasement did not work?',
        'Кто-нибудь хочет поделиться своими мыслями, почему не сработала политика умиротворения?', 11, 0, 'media/.mp3');

insert into card (id, en_sentence, rus_sentence, missed_word, topic, location)
values (191, 'Only a few miles in another direction was the dreary place she had recently lived in.',
        'Только несколько миль отделяли её от того мрачного места, где она жила раньше.', 9, 0, 'media/.mp3');

insert into card (id, en_sentence, rus_sentence, missed_word, topic, location)
values (192, 'She wore her best jewels to the ball.',
        'Она надела свои лучшие драгоценности на бал.', 4, 0, 'media/.mp3');

insert into card (id, en_sentence, rus_sentence, missed_word, topic, location)
values (193, 'I just want to crawl into a hole and die!',
        'Я хочу просто заползти в нору и умереть!', 4, 0, 'media/.mp3');

insert into card (id, en_sentence, rus_sentence, missed_word, topic, location)
values (194, 'Our people rejoice, and wish to honour your name.',
        'Наш народ ликует и хочет восславить твое имя.', 2, 0, 'media/.mp3');

insert into card (id, en_sentence, rus_sentence, missed_word, topic, location)
values (195, 'The issue of rural poverty is back on the international agenda.',
        'Проблема сельской бедности снова стоит на международной повестке дня.', 3, 0, 'media/.mp3');

insert into card (id, en_sentence, rus_sentence, missed_word, topic, location)
values (196, 'Stand up straight and do not slouch!',
        'Стойте прямо и не сутулитесь!', 6, 0, 'media/.mp3');

insert into card (id, en_sentence, rus_sentence, missed_word, topic, location)
values (197, 'It would be in public, so we would be forced to restrain ourselves.',
        'Это будет на публике, поэтому мы будем вынуждены сдерживать себя.', 11, 0, 'media/.mp3');

insert into card (id, en_sentence, rus_sentence, missed_word, topic, location)
values (198, 'He goggled in amazement at the huge statue.',
        'Он в изумлении вытаращил глаза на огромную статую.', 1, 0, 'media/.mp3');

insert into card (id, en_sentence, rus_sentence, missed_word, topic, location)
values (199, 'He had the effrontery to demand more money.',
        'У него хватило наглости потребовать еще денег.', 3, 0, 'media/.mp3');

insert into card (id, en_sentence, rus_sentence, missed_word, topic, location)
values (200, 'Do you think I want to fold laundry for the rest of my life?',
        'Думаешь, я хочу складывать бельё всю свою жизнь?', 6, 0, 'media/.mp3');

insert into card (id, en_sentence, rus_sentence, missed_word, topic, location)
values (201, 'And I like the face you make when you are trying not to yawn.',
        'И мне нравится твое лицо, когда ты пытаешься не зевать.', 13, 0, 'media/.mp3');

insert into card (id, en_sentence, rus_sentence, missed_word, topic, location)
values (202, 'He glanced from time to time at her sad and pensive face.',
        'Он глядел время от времени на ее печальное и задумчивое лицо.', 10, 0, 'media/.mp3');

insert into card (id, en_sentence, rus_sentence, missed_word, topic, location)
values (203, 'Most coffee-growing countries have only one major harvest a year.',
        'В большинстве стран экспортеров кофе, в год собирается только один крупный урожай.', 7, 0, 'media/.mp3');

insert into card (id, en_sentence, rus_sentence, missed_word, topic, location)
values (204, 'My previous company was too stingy to raise salaries.',
        'Моя предыдущая компания была слишком скупа, чтобы повышать зарплату.', 5, 0, 'media/.mp3');

insert into card (id, en_sentence, rus_sentence, missed_word, topic, location)
values (205, 'He sighed and began to sup his morning porridge.',
        'Он вздохнул и принялся понемногу хлебать свою утреннюю кашу.', 8, 0, 'media/.mp3');

insert into card (id, en_sentence, rus_sentence, missed_word, topic, location)
values (206, 'Designer introduced a hat with bright ostrich plumes.',
        'Дизайнер представил шляпу с яркими страусовыми перьями.', 6, 0, 'media/.mp3');

insert into card (id, en_sentence, rus_sentence, missed_word, topic, location)
values (207, 'The maple leaf on the flag of Canada has 11 points.',
        'Лист клена, изображенный на государственном флаге Канады, имеет 11 зубцов.', 1, 0, 'media/.mp3');

insert into card (id, en_sentence, rus_sentence, missed_word, topic, location)
values (208, 'The bride walked down the aisle to the altar.',
        'Невеста прошла по проходу к алтарю.', 5, 0, 'media/.mp3');

insert into card (id, en_sentence, rus_sentence, missed_word, topic, location)
values (209, 'The local council set up a committee of inquiry to look into policing arrangements.',
        'Местный совет создал комиссию по расследованию для изучения методов работы полиции.', 11, 1, 'media/.mp3');

insert into card (id, en_sentence, rus_sentence, missed_word, topic, location)
values (210, 'A person may limp due to difficulties putting weight on the hip.',
        'Человек может хромать из-за трудностей с переносом веса на бедро.', 3, 0, 'media/.mp3');

insert into card (id, en_sentence, rus_sentence, missed_word, topic, location)
values (211, 'The hostages were released from captivity.',
        'Заложники были освобождены из плена.', 5, 0, 'media/.mp3');

insert into card (id, en_sentence, rus_sentence, missed_word, topic, location)
values (212, 'Tonight, we will tell spooky stories around the campfire.',
        'Вечером мы будем рассказывать жуткие истории у костра.', 4, 0, 'media/.mp3');

insert into card (id, en_sentence, rus_sentence, missed_word, topic, location)
values (213, 'The project has been bedeviled by problems since its inception.',
        'Проект был омрачен проблемами с момента его создания.', 9, 0, 'media/.mp3');

insert into card (id, en_sentence, rus_sentence, missed_word, topic, location)
values (214, 'She talk to her students about serious subjects without sermonizing.',
        'Она говорит со своими учениками на серьезные темы без нотаций.', 9, 0, 'media/.mp3');

insert into card (id, en_sentence, rus_sentence, missed_word, topic, location)
values (215, 'These are things that literally soar in price after release, but can fall just as quickly.',
        'Вещи буквально взлетают в цене после выпуска, но могут так же быстро упасть.', 5, 0, 'media/.mp3');

insert into card (id, en_sentence, rus_sentence, missed_word, topic, location)
values (216, 'Sorrow is gnawing at my heart.',
        'Печаль гложет мое сердце.', 2, 0, 'media/.mp3');

insert into card (id, en_sentence, rus_sentence, missed_word, topic, location)
values (217, 'The jellyfish stung the swimmer.',
        'Медуза ужалила пловца.', 1, 0, 'media/.mp3');

insert into card (id, en_sentence, rus_sentence, missed_word, topic, location)
values (218, 'These bullets can penetrate armor.',
        'Эти пули могут пробивать броню.', 4, 0, 'media/.mp3');

insert into card (id, en_sentence, rus_sentence, missed_word, topic, location)
values (219, 'They bounce off of each other like billiard balls.',
        'Они отскакивают друг от друга в разные стороны, подобно биллиардным шарам.', 1, 0, 'media/.mp3');

insert into card (id, en_sentence, rus_sentence, missed_word, topic, location)
values (220, 'A shovel and rake stood in the corner.',
        'Лопата и грабли стояли в углу.', 1, 0, 'media/.mp3');

insert into card (id, en_sentence, rus_sentence, missed_word, topic, location)
values (221, 'The janitor does a good job of keeping the office clean.',
        'Уборщик хорошо справляется с поддержанием чистоты в офисе.', 1, 0, 'media/.mp3');

insert into card (id, en_sentence, rus_sentence, missed_word, topic, location)
values (222, 'She wandered into the meeting with complete insouciance to the fact that she was late.',
        'Она пришла на встречу с полным безразличием к тому, что опоздала.', 7, 0, 'media/.mp3');

insert into card (id, en_sentence, rus_sentence, missed_word, topic, location)
values (223, 'Fear of change is an obstacle to progress.',
        'Страх перемен - это препятствие на пути прогресса.', 5, 0, 'media/.mp3');

insert into card (id, en_sentence, rus_sentence, missed_word, topic, location)
values (224, 'Taste the soup and adjust the seasoning.',
        'Попробуйте суп на вкус и добавьте приправу.', 6, 0, 'media/.mp3');

insert into card (id, en_sentence, rus_sentence, missed_word, topic, location)
values (225, 'How did Santa climb down our chimney?',
        'Как Санта пролез в наш дымоход?', 6, 0, 'media/.mp3');

insert into card (id, en_sentence, rus_sentence, missed_word, topic, location)
values (226, 'Young gymnasts wand and the ribbon itself is a bit smaller.',
        'У юных гимнасток палочка и сама лента немного меньше.', 2, 0, 'media/.mp3');

insert into card (id, en_sentence, rus_sentence, missed_word, topic, location)
values (227, 'History is vague for the first few centuries.',
        'История является расплывчатой в течение первых нескольких столетий нашей эры.', 2, 0, 'media/.mp3');

insert into card (id, en_sentence, rus_sentence, missed_word, topic, location)
values (228, 'The photographs are an eloquent reminder of the horrors of war.',
        'Фотографии являются красноречивым напоминанием об ужасах войны.', 4, 0, 'media/.mp3');

insert into card (id, en_sentence, rus_sentence, missed_word, topic, location)
values (229, 'We sell a full range of sports apparel.',
        'Мы продаем полный ассортимент спортивной одежды.', 7, 0, 'media/.mp3');

insert into card (id, en_sentence, rus_sentence, missed_word, topic, location)
values (230, 'You go first this game, and then we will alternate.',
        'Сначала ты играешь в эту игру, а потом мы будем чередоваться.', 9, 0, 'media/.mp3');

insert into card (id, en_sentence, rus_sentence, missed_word, topic, location)
values (231, 'When leaves decay, chemicals returned to the soil.',
        'При распаде листьев химические вещества возвращаются в почву.', 2, 0, 'media/.mp3');

insert into card (id, en_sentence, rus_sentence, missed_word, topic, location)
values (232, 'The situation in the country has deteriorated and tourists are advised not to go there.',
        'Ситуация в стране ухудшилась, и туристам советуют туда не ездить.', 6, 0, 'media/.mp3');

insert into card (id, en_sentence, rus_sentence, missed_word, topic, location)
values (233, 'Journalists often distort the statistics in order to tell a good story.',
        'Журналисты часто искажают статистику, чтобы рассказать хорошую историю.', 5, 0, 'media/.mp3');

insert into card (id, en_sentence, rus_sentence, missed_word, topic, location)
values (234, 'I do not know how people endure the conditions in prison.',
        'Я не знаю, как люди переносят условия в тюрьме.', 6, 0, 'media/.mp3');

insert into card (id, en_sentence, rus_sentence, missed_word, topic, location)
values (235, 'You need to refine your argument to make it clearer.',
        'Вам нужно улучшить свой аргумент, чтобы сделать его более ясным.', 3, 0, 'media/.mp3');

insert into card (id, en_sentence, rus_sentence, missed_word, topic, location)
values (236, 'Prices should remain steady over the next few months.',
        'Цены должны оставаться стабильными в течение следующих нескольких месяцев.', 3, 0, 'media/.mp3');

insert into card (id, en_sentence, rus_sentence, missed_word, topic, location)
values (237, 'My friends had changed all the furniture around as a joke.',
        'Мои друзья в шутку поменяли всю мебель вокруг.', 7, 2, 'media/.mp3');

insert into card (id, en_sentence, rus_sentence, missed_word, topic, location)
values (238, 'The film was about the man who changes into a werewolf during the full moon.',
        'Фильм был о человеке, который превращается в оборотня во время полнолуния.', 7, 2, 'media/.mp3');

insert into card (id, en_sentence, rus_sentence, missed_word, topic, location)
values (239, 'To my amazement, the letters on the page slowly faded away.',
        'К моему удивлению, буквы на странице медленно исчезали.', 9, 2, 'media/.mp3');

insert into card (id, en_sentence, rus_sentence, missed_word, topic, location)
values (240, 'It is as if my parents are trying to make me into the ideal student.',
        'Как будто мои родители пытаются сделать из меня идеального студента.', 9, 2, 'media/.mp3');

insert into card (id, en_sentence, rus_sentence, missed_word, topic, location)
values (241, 'The sofa turns into the bed, so you can stay with us.',
        'Диван превращается в кровать, так что вы можете остаться с нами.', 2, 2, 'media/.mp3');

insert into card (id, en_sentence, rus_sentence, missed_word, topic, location)
values (242, 'I have used up all the hot water for a week.',
        'Я истратила горячую воду за целую неделю.', 2, 2, 'media/.mp3');

insert into card (id, en_sentence, rus_sentence, missed_word, topic, location)
values (243, 'On my walking holiday, I wore out three pairs of boots.',
        'Во время пеших прогулок я сносил три пары сапог.', 6, 2, 'media/.mp3');

insert into card (id, en_sentence, rus_sentence, missed_word, topic, location)
values (244, 'Our friendship came to an abrupt end.',
        'Нашей дружбе пришел внезапный конец.', 5, 0, 'media/.mp3');

insert into card (id, en_sentence, rus_sentence, missed_word, topic, location)
values (245, 'She regards the marriage ceremony as a quaint anachronism.',
        'Она считает церемонию бракосочетания причудливым пережитком.', 8, 0, 'media/.mp3');

insert into card (id, en_sentence, rus_sentence, missed_word, topic, location)
values (246, 'Contemporary sources offer a very different interpretation.',
        'Современные источники предлагают совершенно иную интерпретацию.', 0, 0, 'media/.mp3');

insert into card (id, en_sentence, rus_sentence, missed_word, topic, location)
values (247, 'Another hour elapsed and still the wind continued to howl.',
        'Прошел еще час, а ветер все еще продолжал завывать.', 2, 0, 'media/.mp3');

insert into card (id, en_sentence, rus_sentence, missed_word, topic, location)
values (248, 'She has earned our eternal gratitude.',
        'Она заслужила нашу вечную благодарность.', 4, 0, 'media/.mp3');

insert into card (id, en_sentence, rus_sentence, missed_word, topic, location)
values (249, 'Recently developed medical tests can give instantaneous results.',
        'Недавно разработанные медицинские тесты могут давать мгновенные результаты.', 6, 2, 'media/.mp3');

insert into card (id, en_sentence, rus_sentence, missed_word, topic, location)
values (250, '.',
        '.', 6, 2, 'media/.mp3');

insert into card (id, en_sentence, rus_sentence, missed_word, topic, location)
values (251, '.',
        '.', 6, 2, 'media/.mp3');

insert into card (id, en_sentence, rus_sentence, missed_word, topic, location)
values (252, '.',
        '.', 6, 2, 'media/.mp3');

insert into card (id, en_sentence, rus_sentence, missed_word, topic, location)
values (253, '.',
        '.', 6, 2, 'media/.mp3');

insert into card (id, en_sentence, rus_sentence, missed_word, topic, location)
values (254, '.',
        '.', 6, 2, 'media/.mp3');

insert into card (id, en_sentence, rus_sentence, missed_word, topic, location)
values (255, '.',
        '.', 6, 2, 'media/.mp3');

insert into card (id, en_sentence, rus_sentence, missed_word, topic, location)
values (256, '.',
        '.', 6, 2, 'media/.mp3');

insert into card (id, en_sentence, rus_sentence, missed_word, topic, location)
values (257, '.',
        '.', 6, 2, 'media/.mp3');

insert into card (id, en_sentence, rus_sentence, missed_word, topic, location)
values (258, '.',
        '.', 6, 2, 'media/.mp3');

insert into card (id, en_sentence, rus_sentence, missed_word, topic, location)
values (259, '.',
        '.', 6, 2, 'media/.mp3');

insert into card (id, en_sentence, rus_sentence, missed_word, topic, location)
values (260, '.',
        '.', 6, 2, 'media/.mp3');

insert into card (id, en_sentence, rus_sentence, missed_word, topic, location)
values (261, '.',
        '.', 6, 2, 'media/.mp3');

insert into card (id, en_sentence, rus_sentence, missed_word, topic, location)
values (262, '.',
        '.', 6, 2, 'media/.mp3');

insert into card (id, en_sentence, rus_sentence, missed_word, topic, location)
values (263, '.',
        '.', 6, 2, 'media/.mp3');

insert into card (id, en_sentence, rus_sentence, missed_word, topic, location)
values (264, '.',
        '.', 6, 2, 'media/.mp3');

insert into card (id, en_sentence, rus_sentence, missed_word, topic, location)
values (265, '.',
        '.', 6, 2, 'media/.mp3');

insert into card (id, en_sentence, rus_sentence, missed_word, topic, location)
values (266, '.',
        '.', 6, 2, 'media/.mp3');

insert into card (id, en_sentence, rus_sentence, missed_word, topic, location)
values (267, '.',
        '.', 6, 2, 'media/.mp3');

insert into card (id, en_sentence, rus_sentence, missed_word, topic, location)
values (268, '.',
        '.', 6, 2, 'media/.mp3');

insert into card (id, en_sentence, rus_sentence, missed_word, topic, location)
values (269, '.',
        '.', 6, 2, 'media/.mp3');

insert into card (id, en_sentence, rus_sentence, missed_word, topic, location)
values (270, '.',
        '.', 6, 2, 'media/.mp3');

insert into card (id, en_sentence, rus_sentence, missed_word, topic, location)
values (271, '.',
        '.', 6, 2, 'media/.mp3');

insert into card (id, en_sentence, rus_sentence, missed_word, topic, location)
values (272, '.',
        '.', 6, 2, 'media/.mp3');

insert into card (id, en_sentence, rus_sentence, missed_word, topic, location)
values (273, '.',
        '.', 6, 2, 'media/.mp3');

insert into users (id, email, password, user_role)
 values (1, 'admin@admin.com', '$2a$12$nRKrtJpoPXonmfoTxNS9c.Gi56j6XmnmJM38.JlinVb7/rxwLWyVy', 'ADMIN');
insert into users (id, email, password, user_role)
 values (2, 'user@user.com', '$2a$12$Jycus7lth9cTTpj8OHgjmeoDuNb79dXTNddi1UuPYKclfLmSUEIJu', 'USER');

insert into progress (id, card_id, probability, user_id) values (3, 3, 1.00, 2);
insert into progress (id, card_id, probability, user_id) values (4, 4, 1.00, 2);
insert into progress (id, card_id, probability, user_id) values (5, 5, 1.00, 2);
insert into progress (id, card_id, probability, user_id) values (6, 6, 1.00, 2);
insert into progress (id, card_id, probability, user_id) values (7, 7, 1.00, 2);
insert into progress (id, card_id, probability, user_id) values (8, 8, 1.00, 2);
insert into progress (id, card_id, probability, user_id) values (9, 9, 1.00, 2);
insert into progress (id, card_id, probability, user_id) values (10, 10, 1.00, 2);
insert into progress (id, card_id, probability, user_id) values (11, 11, 1.00, 1);
insert into progress (id, card_id, probability, user_id) values (12, 12, 1.00, 1);
insert into progress (id, card_id, probability, user_id) values (13, 13, 1.00, 1);
insert into progress (id, card_id, probability, user_id) values (14, 14, 1.00, 1);
insert into progress (id, card_id, probability, user_id) values (15, 15, 1.00, 1);
insert into progress (id, card_id, probability, user_id) values (16, 16, 1.00, 1);
insert into progress (id, card_id, probability, user_id) values (17, 17, 1.00, 1);
insert into progress (id, card_id, probability, user_id) values (18, 18, 1.00, 1);
insert into progress (id, card_id, probability, user_id) values (19, 19, 1.00, 1);
insert into progress (id, card_id, probability, user_id) values (20, 20, 1.00, 1);
insert into progress (id, card_id, probability, user_id) values (21, 21, 1.00, 1);
insert into progress (id, card_id, probability, user_id) values (22, 22, 1.00, 1);
insert into progress (id, card_id, probability, user_id) values (23, 23, 1.00, 1);
insert into progress (id, card_id, probability, user_id) values (24, 24, 1.00, 1);
insert into progress (id, card_id, probability, user_id) values (25, 25, 1.00, 1);
insert into progress (id, card_id, probability, user_id) values (26, 26, 1.00, 1);
insert into progress (id, card_id, probability, user_id) values (27, 27, 1.00, 1);
insert into progress (id, card_id, probability, user_id) values (28, 28, 1.00, 1);
insert into progress (id, card_id, probability, user_id) values (29, 29, 1.00, 1);
insert into progress (id, card_id, probability, user_id) values (30, 30, 1.00, 1);
insert into progress (id, card_id, probability, user_id) values (31, 31, 1.00, 1);
insert into progress (id, card_id, probability, user_id) values (32, 32, 1.00, 1);
insert into progress (id, card_id, probability, user_id) values (33, 33, 1.00, 1);
insert into progress (id, card_id, probability, user_id) values (34, 34, 1.00, 1);
insert into progress (id, card_id, probability, user_id) values (35, 35, 1.00, 1);
insert into progress (id, card_id, probability, user_id) values (36, 36, 1.00, 1);
insert into progress (id, card_id, probability, user_id) values (37, 37, 1.00, 1);
insert into progress (id, card_id, probability, user_id) values (38, 38, 1.00, 1);
insert into progress (id, card_id, probability, user_id) values (39, 39, 1.00, 1);
insert into progress (id, card_id, probability, user_id) values (40, 40, 1.00, 1);
insert into progress (id, card_id, probability, user_id) values (41, 41, 1.00, 1);
insert into progress (id, card_id, probability, user_id) values (42, 42, 1.00, 1);
insert into progress (id, card_id, probability, user_id) values (43, 43, 1.00, 1);
insert into progress (id, card_id, probability, user_id) values (44, 44, 1.00, 1);
insert into progress (id, card_id, probability, user_id) values (45, 45, 1.00, 1);
insert into progress (id, card_id, probability, user_id) values (46, 46, 1.00, 1);
insert into progress (id, card_id, probability, user_id) values (47, 47, 1.00, 1);
insert into progress (id, card_id, probability, user_id) values (48, 48, 1.00, 1);
insert into progress (id, card_id, probability, user_id) values (49, 49, 1.00, 1);
insert into progress (id, card_id, probability, user_id) values (50, 50, 1.00, 1);
insert into progress (id, card_id, probability, user_id) values (51, 51, 1.00, 1);
insert into progress (id, card_id, probability, user_id) values (52, 52, 1.00, 1);
insert into progress (id, card_id, probability, user_id) values (53, 53, 1.00, 1);
insert into progress (id, card_id, probability, user_id) values (54, 54, 1.00, 1);
insert into progress (id, card_id, probability, user_id) values (55, 55, 1.00, 1);
insert into progress (id, card_id, probability, user_id) values (56, 56, 1.00, 1);
insert into progress (id, card_id, probability, user_id) values (57, 57, 1.00, 1);
insert into progress (id, card_id, probability, user_id) values (58, 58, 1.00, 1);
insert into progress (id, card_id, probability, user_id) values (59, 59, 1.00, 1);
insert into progress (id, card_id, probability, user_id) values (60, 60, 1.00, 1);
insert into progress (id, card_id, probability, user_id) values (61, 61, 1.00, 1);
insert into progress (id, card_id, probability, user_id) values (62, 62, 1.00, 1);
insert into progress (id, card_id, probability, user_id) values (63, 63, 1.00, 1);
insert into progress (id, card_id, probability, user_id) values (64, 64, 1.00, 1);
insert into progress (id, card_id, probability, user_id) values (65, 65, 1.00, 1);
insert into progress (id, card_id, probability, user_id) values (66, 66, 1.00, 1);
insert into progress (id, card_id, probability, user_id) values (67, 67, 1.00, 1);
insert into progress (id, card_id, probability, user_id) values (68, 68, 1.00, 1);
insert into progress (id, card_id, probability, user_id) values (69, 69, 1.00, 1);
insert into progress (id, card_id, probability, user_id) values (70, 70, 1.00, 1);
insert into progress (id, card_id, probability, user_id) values (71, 71, 1.00, 1);
insert into progress (id, card_id, probability, user_id) values (72, 72, 1.00, 1);
insert into progress (id, card_id, probability, user_id) values (73, 73, 1.00, 1);
insert into progress (id, card_id, probability, user_id) values (74, 74, 1.00, 1);
insert into progress (id, card_id, probability, user_id) values (75, 75, 1.00, 1);
insert into progress (id, card_id, probability, user_id) values (76, 76, 1.00, 1);
insert into progress (id, card_id, probability, user_id) values (77, 77, 1.00, 1);
insert into progress (id, card_id, probability, user_id) values (78, 78, 1.00, 1);
insert into progress (id, card_id, probability, user_id) values (79, 79, 1.00, 1);
insert into progress (id, card_id, probability, user_id) values (80, 80, 1.00, 1);
insert into progress (id, card_id, probability, user_id) values (81, 81, 1.00, 1);
insert into progress (id, card_id, probability, user_id) values (82, 82, 1.00, 1);
insert into progress (id, card_id, probability, user_id) values (83, 83, 1.00, 1);
insert into progress (id, card_id, probability, user_id) values (84, 84, 1.00, 1);
insert into progress (id, card_id, probability, user_id) values (85, 85, 1.00, 1);
insert into progress (id, card_id, probability, user_id) values (86, 86, 1.00, 1);
insert into progress (id, card_id, probability, user_id) values (87, 87, 1.00, 1);
insert into progress (id, card_id, probability, user_id) values (88, 88, 1.00, 1);
insert into progress (id, card_id, probability, user_id) values (89, 89, 1.00, 1);
insert into progress (id, card_id, probability, user_id) values (90, 90, 1.00, 1);
insert into progress (id, card_id, probability, user_id) values (91, 91, 1.00, 1);
insert into progress (id, card_id, probability, user_id) values (92, 92, 1.00, 1);
insert into progress (id, card_id, probability, user_id) values (93, 93, 1.00, 1);
insert into progress (id, card_id, probability, user_id) values (94, 94, 1.00, 1);
insert into progress (id, card_id, probability, user_id) values (95, 95, 1.00, 1);
insert into progress (id, card_id, probability, user_id) values (96, 96, 1.00, 1);
insert into progress (id, card_id, probability, user_id) values (97, 97, 1.00, 1);
insert into progress (id, card_id, probability, user_id) values (98, 98, 1.00, 1);
insert into progress (id, card_id, probability, user_id) values (99, 99, 1.00, 1);
insert into progress (id, card_id, probability, user_id) values (100, 100, 1.00, 1);
insert into progress (id, card_id, probability, user_id) values (101, 101, 1.00, 1);
insert into progress (id, card_id, probability, user_id) values (102, 102, 1.00, 1);
insert into progress (id, card_id, probability, user_id) values (103, 103, 1.00, 1);
insert into progress (id, card_id, probability, user_id) values (104, 104, 1.00, 1);
insert into progress (id, card_id, probability, user_id) values (105, 105, 1.00, 1);
insert into progress (id, card_id, probability, user_id) values (106, 106, 1.00, 1);
insert into progress (id, card_id, probability, user_id) values (107, 107, 1.00, 1);
insert into progress (id, card_id, probability, user_id) values (108, 108, 1.00, 1);
insert into progress (id, card_id, probability, user_id) values (109, 109, 1.00, 1);
insert into progress (id, card_id, probability, user_id) values (110, 110, 1.00, 1);
insert into progress (id, card_id, probability, user_id) values (111, 111, 1.00, 1);
insert into progress (id, card_id, probability, user_id) values (112, 112, 1.00, 1);
insert into progress (id, card_id, probability, user_id) values (113, 113, 1.00, 1);
insert into progress (id, card_id, probability, user_id) values (114, 114, 1.00, 1);
insert into progress (id, card_id, probability, user_id) values (115, 115, 1.00, 1);
insert into progress (id, card_id, probability, user_id) values (116, 116, 1.00, 1);
insert into progress (id, card_id, probability, user_id) values (117, 117, 1.00, 1);
insert into progress (id, card_id, probability, user_id) values (118, 118, 1.00, 1);
insert into progress (id, card_id, probability, user_id) values (119, 119, 1.00, 1);
insert into progress (id, card_id, probability, user_id) values (120, 120, 1.00, 1);
insert into progress (id, card_id, probability, user_id) values (121, 121, 1.00, 1);
insert into progress (id, card_id, probability, user_id) values (122, 122, 1.00, 1);
insert into progress (id, card_id, probability, user_id) values (123, 123, 1.00, 1);
insert into progress (id, card_id, probability, user_id) values (124, 124, 1.00, 1);
insert into progress (id, card_id, probability, user_id) values (125, 125, 1.00, 1);
insert into progress (id, card_id, probability, user_id) values (126, 126, 1.00, 1);
insert into progress (id, card_id, probability, user_id) values (127, 127, 1.00, 1);
insert into progress (id, card_id, probability, user_id) values (128, 128, 1.00, 1);
insert into progress (id, card_id, probability, user_id) values (129, 129, 1.00, 1);
insert into progress (id, card_id, probability, user_id) values (130, 130, 1.00, 1);
insert into progress (id, card_id, probability, user_id) values (131, 131, 1.00, 1);
insert into progress (id, card_id, probability, user_id) values (132, 132, 1.00, 1);
insert into progress (id, card_id, probability, user_id) values (133, 133, 1.00, 1);
insert into progress (id, card_id, probability, user_id) values (134, 134, 1.00, 1);
insert into progress (id, card_id, probability, user_id) values (135, 135, 1.00, 1);
insert into progress (id, card_id, probability, user_id) values (136, 136, 1.00, 1);
insert into progress (id, card_id, probability, user_id) values (137, 137, 1.00, 1);
insert into progress (id, card_id, probability, user_id) values (138, 138, 1.00, 1);
insert into progress (id, card_id, probability, user_id) values (139, 139, 1.00, 1);
insert into progress (id, card_id, probability, user_id) values (140, 140, 1.00, 1);
insert into progress (id, card_id, probability, user_id) values (141, 141, 1.00, 1);
insert into progress (id, card_id, probability, user_id) values (142, 142, 1.00, 1);
insert into progress (id, card_id, probability, user_id) values (143, 143, 1.00, 1);
insert into progress (id, card_id, probability, user_id) values (144, 144, 1.00, 1);
insert into progress (id, card_id, probability, user_id) values (145, 145, 1.00, 1);
insert into progress (id, card_id, probability, user_id) values (146, 146, 1.00, 1);
insert into progress (id, card_id, probability, user_id) values (147, 147, 1.00, 1);
insert into progress (id, card_id, probability, user_id) values (148, 148, 1.00, 1);
insert into progress (id, card_id, probability, user_id) values (149, 149, 1.00, 1);
insert into progress (id, card_id, probability, user_id) values (150, 150, 1.00, 1);
insert into progress (id, card_id, probability, user_id) values (151, 151, 1.00, 1);
insert into progress (id, card_id, probability, user_id) values (152, 152, 1.00, 1);
insert into progress (id, card_id, probability, user_id) values (153, 153, 1.00, 1);
insert into progress (id, card_id, probability, user_id) values (154, 154, 1.00, 1);
insert into progress (id, card_id, probability, user_id) values (155, 155, 1.00, 1);
insert into progress (id, card_id, probability, user_id) values (156, 156, 1.00, 1);
insert into progress (id, card_id, probability, user_id) values (157, 157, 1.00, 1);
insert into progress (id, card_id, probability, user_id) values (158, 158, 1.00, 1);
insert into progress (id, card_id, probability, user_id) values (159, 159, 1.00, 1);
insert into progress (id, card_id, probability, user_id) values (160, 160, 1.00, 1);
insert into progress (id, card_id, probability, user_id) values (161, 161, 1.00, 1);
insert into progress (id, card_id, probability, user_id) values (162, 162, 1.00, 1);
insert into progress (id, card_id, probability, user_id) values (163, 163, 1.00, 1);
insert into progress (id, card_id, probability, user_id) values (164, 164, 1.00, 1);
insert into progress (id, card_id, probability, user_id) values (165, 165, 1.00, 1);
insert into progress (id, card_id, probability, user_id) values (166, 166, 1.00, 1);
insert into progress (id, card_id, probability, user_id) values (167, 167, 1.00, 1);
insert into progress (id, card_id, probability, user_id) values (168, 168, 1.00, 1);
insert into progress (id, card_id, probability, user_id) values (169, 169, 1.00, 1);
insert into progress (id, card_id, probability, user_id) values (170, 170, 1.00, 1);
insert into progress (id, card_id, probability, user_id) values (171, 171, 1.00, 1);
insert into progress (id, card_id, probability, user_id) values (172, 172, 1.00, 1);
insert into progress (id, card_id, probability, user_id) values (173, 173, 1.00, 1);
insert into progress (id, card_id, probability, user_id) values (174, 174, 1.00, 1);
insert into progress (id, card_id, probability, user_id) values (175, 175, 1.00, 1);
insert into progress (id, card_id, probability, user_id) values (176, 176, 1.00, 1);
insert into progress (id, card_id, probability, user_id) values (177, 177, 1.00, 1);
insert into progress (id, card_id, probability, user_id) values (178, 178, 1.00, 1);
insert into progress (id, card_id, probability, user_id) values (179, 179, 1.00, 1);
insert into progress (id, card_id, probability, user_id) values (180, 180, 1.00, 1);
insert into progress (id, card_id, probability, user_id) values (181, 181, 1.00, 1);
insert into progress (id, card_id, probability, user_id) values (182, 182, 1.00, 1);
insert into progress (id, card_id, probability, user_id) values (183, 183, 1.00, 1);
insert into progress (id, card_id, probability, user_id) values (184, 184, 1.00, 1);
insert into progress (id, card_id, probability, user_id) values (185, 185, 1.00, 1);
insert into progress (id, card_id, probability, user_id) values (186, 186, 1.00, 1);
insert into progress (id, card_id, probability, user_id) values (187, 187, 1.00, 1);
insert into progress (id, card_id, probability, user_id) values (188, 188, 1.00, 1);
insert into progress (id, card_id, probability, user_id) values (189, 189, 1.00, 1);
insert into progress (id, card_id, probability, user_id) values (190, 190, 1.00, 1);
insert into progress (id, card_id, probability, user_id) values (191, 191, 1.00, 1);

































