insert into card (id, en_sentence, rus_sentence, missed_word, topic, location)
values (3, 'On the contrary, it is a deep and heave responsibility.',
        'Напротив, это глубокая и тяжелая ответственность.', 2, 0, 'media/0001.mp3');

insert into card (id, en_sentence, rus_sentence, missed_word, topic, location)
values (4, 'I have not the faintest notion.',
        'Не имею ни малейшего представления.', 5, 0, 'media/0002.mp3');

insert into card (id, en_sentence, rus_sentence, missed_word, topic, location)
values (5, 'Just where the steep ascent of the mountain began, he stopped.',
        'Там, где начинается крутой подъем на гору, он остановился.', 4, 0, 'media/0003.mp3');

insert into card (id, en_sentence, rus_sentence, missed_word, topic, location)
values (6, 'The company intends to cut 400 jobs.',
        'Компания намеревается сократить 400 рабочих мест.', 2, 0, 'media/0004.mp3');

insert into card (id, en_sentence, rus_sentence, missed_word, topic, location)
values (7, 'I wish I had a brother to reciprocate.',
        'Жаль, что у меня нет брата, чтобы ответить взаимностью.', 7, 0, 'media/0005.mp3');

insert into card (id, en_sentence, rus_sentence, missed_word, topic, location)
values (8, 'The most elusive fruit here is a ripe watermelon.',
        'Самый неуловимый фрукт здесь это спелый арбуз.', 2, 0, 'media/0006.mp3');

insert into card (id, en_sentence, rus_sentence, missed_word, topic, location)
values (9, 'She appeared quite bewildered.',
        'Она казалась совершенно сбитой столку.', 3, 0, 'media/0007.mp3');

insert into card (id, en_sentence, rus_sentence, missed_word, topic, location)
values (10, 'She is able to replicate any action.',
        'Она способна копирвоать любое дейтсвие.', 4, 0, 'media/0008.mp3');

insert into card (id, en_sentence, rus_sentence, missed_word, topic, location)
values (11, 'He traversed more than half the length of the settlement.',
        'Он миновал большую часть поселка.', 1, 0, 'media/0009.mp3');

insert into card (id, en_sentence, rus_sentence, missed_word, topic, location)
values (12, 'The location is so crucial to the film.',
        'Место является ключевым для кино.', 4, 0, 'media/0010.mp3');

insert into card (id, en_sentence, rus_sentence, missed_word, topic, location)
values (13, 'You have craved power your whole life.',
        'Ты всю жизнь стремился к власти.', 2, 0, 'media/0011.mp3');

insert into card (id, en_sentence, rus_sentence, missed_word, topic, location)
values (14, 'England impose a tax on plastic bags.',
        'Англия облагает налогом пластиковые пакеты.', 1, 0, 'media/0012.mp3');

insert into card (id, en_sentence, rus_sentence, missed_word, topic, location)
values (15, 'Somehow, over time, it got easier to be apart from you.',
        'Как-то, со временем, мне стало легче быть вдали от тебя.', 2, 0, 'media/0013.mp3');

insert into card (id, en_sentence, rus_sentence, missed_word, topic, location)
values (16, 'Only diehard supporters will not learn something.',
        'Только самые убежденные сторонники ничему не научатся.', 1, 0, 'media/0014.mp3');

insert into card (id, en_sentence, rus_sentence, missed_word, topic, location)
values (17, 'She spots him and starts waving frantically.',
        'Она замечает его и начинает отчаянно махать руками.', 6, 0, 'media/0015.mp3');

insert into card (id, en_sentence, rus_sentence, missed_word, topic, location)
values (18, 'It makes my blood run cold.',
        'От этого моя кровь стынет в жилах.', 5, 0, 'media/0016.mp3');

insert into card (id, en_sentence, rus_sentence, missed_word, topic, location)
values (19, 'Now i am scarred for life.',
        'Теперь у меня травма на всю жизнь.', 3, 0, 'media/0017.mp3');

insert into card (id, en_sentence, rus_sentence, missed_word, topic, location)
values (20, 'I disliked what you were doing but had to grin and bear it.',
        'Мне не нравилось то, что ты делал, но мне пришлось улыбаться и терпеть это.', 11, 0, 'media/0018.mp3');

insert into card (id, en_sentence, rus_sentence, missed_word, topic, location)
values (21, 'There has been an outbreak of salmonella.',
        'Приозошла вспышка сальмонеллы.', 7, 0, 'media/0019.mp3');

insert into card (id, en_sentence, rus_sentence, missed_word, topic, location)
values (22, 'A Chinese saying has it that women hold up half of the sky.',
        'Китайская пословица гласит, что на женщинах держится полнеба.', 7, 0, 'media/0020.mp3');

insert into card (id, en_sentence, rus_sentence, missed_word, topic, location)
values (23, 'I am tired of hearing about your moans and groans.',
        'Мне надоело слушать, как ты охаешь и ахаешь.', 7, 0, 'media/0021.mp3');

insert into card (id, en_sentence, rus_sentence, missed_word, topic, location)
values (24, 'I have let my heart overpower my head.',
        'Я позволил своему сердцу взять верх над разумом.', 5, 0, 'media/0024.mp3');

insert into card (id, en_sentence, rus_sentence, missed_word, topic, location)
values (25, 'He moved along the pavement, deep in thought.',
        'он шел по тротуару, погруженный в свои мысли.', 4, 0, 'media/0025.mp3');

insert into card (id, en_sentence, rus_sentence, missed_word, topic, location)
values (26, 'Never put off until tomorrow what you can do today.',
        'Никогда не откладывайте на завтра то, что вы можете сделать сегодня.', 1, 1, 'media/0026.mp3');

insert into card (id, en_sentence, rus_sentence, missed_word, topic, location)
values (27, 'Now is not time for quarrel!',
        'Сейчас не время для раздора!', 5, 0, 'media/0027.mp3');

insert into card (id, en_sentence, rus_sentence, missed_word, topic, location)
values (28, 'Smells of rotten leaves and mushrooms.',
        'Пахнет гнилыми листьями и грибами.', 2, 0, 'media/0028.mp3');

insert into card (id, en_sentence, rus_sentence, missed_word, topic, location)
values (29, 'Sailed past but never stopped over.',
        'Проплывал мимо, но никогда не останавливался.', 0, 0, 'media/0029.mp3');

insert into card (id, en_sentence, rus_sentence, missed_word, topic, location)
values (30, 'I tried to snatch it but he was too quick for me.',
        'Я пыталась выхватить, но он оказался проворнее.', 3, 0, 'media/0030.mp3');

insert into card (id, en_sentence, rus_sentence, missed_word, topic, location)
values (31, 'The school has received sufficient government funding.',
        'Школа получила существенную помощь от правительства.', 4, 0, 'media/0031.mp3');

insert into card (id, en_sentence, rus_sentence, missed_word, topic, location)
values (32, 'The only way to get rid of a temptation is to yield to it.',
        'Единственный способ отделаться от искушения - уступить ему.', 8, 0, 'media/0032.mp3');

insert into card (id, en_sentence, rus_sentence, missed_word, topic, location)
values (33, 'The idea of going to a Greek island appeals to me.',
        'Идея поехать на греческий остров меня привлекает.', 8, 0, 'media/0033.mp3');

insert into card (id, en_sentence, rus_sentence, missed_word, topic, location)
values (34, 'The police are appealing for witnesses to the attack.',
        'Полиция запрашивает свидетелей нападения.', 3, 0, 'media/0034.mp3');

insert into card (id, en_sentence, rus_sentence, missed_word, topic, location)
values (35, 'All living things have been desperately struggling to survive the harsh conditions of the planet.',
        'Все живые существа отчаянно боролись за выживание в суровых условиях планеты.', 5, 0, 'media/0035.mp3');

insert into card (id, en_sentence, rus_sentence, missed_word, topic, location)
values (36, 'This will lead to either evolution or extinction.',
        'Это приведет либо к эволюции, либо к вымиранию.', 7, 0, 'media/0036.mp3');

insert into card (id, en_sentence, rus_sentence, missed_word, topic, location)
values (37, 'Spiders make intricate webs.',
        'Пауки плетут запутанную паутину.', 2, 0, 'media/0037.mp3');

insert into card (id, en_sentence, rus_sentence, missed_word, topic, location)
values (38, 'Humans has managed to create the means to destroy the planet we live on.',
        'Людям удалось создать средства для уничтожения планеты, на которой мы живем.', 6, 0, 'media/0038.mp3');

insert into card (id, en_sentence, rus_sentence, missed_word, topic, location)
values (39, 'We tried to assess his suitability for the job.',
        'Мы попытались оценить его пригодность для этой работы.', 3, 0, 'media/.mp3');

insert into card (id, en_sentence, rus_sentence, missed_word, topic, location)
values (40, 'Detectives remain baffled by these murders.',
        'Детективы по-прежнему сбиты с толку этими убийствами.', 2, 0, 'media/.mp3');

insert into card (id, en_sentence, rus_sentence, missed_word, topic, location)
values (41, 'I have a biased view on that subject.',
        'У меня предвзятая позиция по этому вопросу.', 3, 0, 'media/.mp3');

insert into card (id, en_sentence, rus_sentence, missed_word, topic, location)
values (42, 'They consider it inevitable that some people will lost their jobs.',
        'Они считают неизбежным, что некоторые люди потеряют работу.', 3, 0, 'media/.mp3');

insert into card (id, en_sentence, rus_sentence, missed_word, topic, location)
values (43, 'I haven\'t got time to sit around contemplating the meaning of life.',
        'У меня нет времени сидеть сложа руки и размышлять о смысле жизни.', 7, 0, 'media/.mp3');

insert into card (id, en_sentence, rus_sentence, missed_word, topic, location)
values (44, 'I know that some of you are cynical about the proposals.',
        'Я знаю, что некоторые из вас цинично относятся к этим предложениям.', 7, 0, 'media/.mp3');

insert into card (id, en_sentence, rus_sentence, missed_word, topic, location)
values (45, 'Finding fossils, he deduced that the area had once been covered by water.',
        'Найдя окаменелости, он пришел к выводу, что эта местность когда-то была покрыта водой.', 3, 0, 'media/.mp3');

insert into card (id, en_sentence, rus_sentence, missed_word, topic, location)
values (46, 'The judges deliberated for an hour before choosing the winner.',
        'Судьи совещались в течение часа, прежде чем выбрать победителя.', 2, 0, 'media/.mp3');

insert into card (id, en_sentence, rus_sentence, missed_word, topic, location)
values (47, 'Long-range missiles attack simply cannot discriminate military and civilian targets.',
        'Атака ракетами большой дальности просто не может различать военные и гражданские цели.', 5, 0, 'media/.mp3');

insert into card (id, en_sentence, rus_sentence, missed_word, topic, location)
values (48, 'I am dubious about his ability to do the job.',
        'Я сомневаюсь в его способности выполнять эту работу.', 2, 0, 'media/.mp3');

insert into card (id, en_sentence, rus_sentence, missed_word, topic, location)
values (49, 'I am delighted to know you have such faith in me.',
        'Мне приятно знать, что вы так верите в меня.', 8, 0, 'media/.mp3');

insert into card (id, en_sentence, rus_sentence, missed_word, topic, location)
values (50, 'You are the new here, I gather.',
        'Ты здесь новенький, я так понимаю.', 6, 0, 'media/.mp3');

insert into card (id, en_sentence, rus_sentence, missed_word, topic, location)
values (51, 'He was finding it difficult to grasp the rule of the game.',
        'Ему было трудно понять правила игры.', 6, 0, 'media/.mp3');

insert into card (id, en_sentence, rus_sentence, missed_word, topic, location)
values (52, 'It was a theory based on pure guesswork.',
        'Это была теория, основанная на чистых догадках.', 7, 0, 'media/.mp3');

insert into card (id, en_sentence, rus_sentence, missed_word, topic, location)
values (53, 'I have a hunch there will an election soon.',
        'У меня есть предчувствие, что скоро будут выборы.', 3, 0, 'media/.mp3');

insert into card (id, en_sentence, rus_sentence, missed_word, topic, location)
values (54, 'This is an ingenious device for opening bottles.',
        'Это хитроумное приспособление для открывания бутылок.', 3, 0, 'media/.mp3');

insert into card (id, en_sentence, rus_sentence, missed_word, topic, location)
values (55, 'Archaeologists use their intuition to decide where to dig.',
        'Археологи используют свою интуицию, чтобы решить, где копать.', 3, 0, 'media/.mp3');

insert into card (id, en_sentence, rus_sentence, missed_word, topic, location)
values (56, 'You will be expected to justify your actions.',
        'От вас ожидают, что вы будете оправдывать свои действия.', 5, 0, 'media/.mp3');

insert into card (id, en_sentence, rus_sentence, missed_word, topic, location)
values (57, 'A bomb was the only plausible explanation for the crash.',
        'Бомба была единственным правдоподобным объяснением крушения.', 5, 0, 'media/.mp3');

insert into card (id, en_sentence, rus_sentence, missed_word, topic, location)
values (58, 'They played checkers together in the evening, and pondered whether war would come.',
        'По вечерам они вместе играли в шашки и размышляли о том, придет ли война.', 8, 0, 'media/.mp3');

insert into card (id, en_sentence, rus_sentence, missed_word, topic, location)
values (59, 'I presume you have already ordered the lunch.',
        'Я полагаю, ты уже заказал обед.', 1, 0, 'media/.mp3');

insert into card (id, en_sentence, rus_sentence, missed_word, topic, location)
values (60, 'It\'s not for us to query his decision.',
        'Не нам оспаривать его решение.', 5, 0, 'media/.mp3');

insert into card (id, en_sentence, rus_sentence, missed_word, topic, location)
values (61, 'I reckon there is something wrong with him.',
        'Я считаю, что с ним что-то не так.', 1, 0, 'media/.mp3');

insert into card (id, en_sentence, rus_sentence, missed_word, topic, location)
values (62, 'Josie reflected on how easily she could have been killed.',
        'Джози размышляла о том, как легко ее могли убить.', 1, 0, 'media/.mp3');

insert into card (id, en_sentence, rus_sentence, missed_word, topic, location)
values (63, 'We can only speculate on the reasons for his sudden resignation.',
        'Мы можем только строить догадки о причинах его внезапной отставки.', 3, 0, 'media/.mp3');

insert into card (id, en_sentence, rus_sentence, missed_word, topic, location)
values (64, 'Simon is a very conscientious worker.',
        'Саймон очень добросовестный работник.', 4, 0, 'media/.mp3');

insert into card (id, en_sentence, rus_sentence, missed_word, topic, location)
values (65, 'My exams in two weeks, so I am cramming at the moment.',
        'Мои экзамены через две недели, так что сейчас я зубрю.', 8, 0, 'media/.mp3');

insert into card (id, en_sentence, rus_sentence, missed_word, topic, location)
values (66, 'Our mathematics curriculum is much boarder now.',
        'Наша учебная программа по математике теперь намного шире.', 2, 0, 'media/.mp3');

insert into card (id, en_sentence, rus_sentence, missed_word, topic, location)
values (67, 'There are not many careers for history graduates.',
        'Существует не так много профессий для выпускников исторических факультетов.', 7, 0, 'media/.mp3');

insert into card (id, en_sentence, rus_sentence, missed_word, topic, location)
values (68, 'I was ignorant to the terms used in business.',
        'Я был незнаком с терминами, используемыми в бизнесе.', 2, 0, 'media/.mp3');

insert into card (id, en_sentence, rus_sentence, missed_word, topic, location)
values (69, 'I hate speaking in front of an inattentive audience.',
        'Я ненавижу выступать перед невнимательной аудиторией.', 7, 0, 'media/.mp3');

insert into card (id, en_sentence, rus_sentence, missed_word, topic, location)
values (70, 'He is extremely knowledgeable about finance.',
        'Он чрезвычайно хорошо осведомлен в финансах.', 3, 0, 'media/.mp3');

insert into card (id, en_sentence, rus_sentence, missed_word, topic, location)
values (71, 'She lectures on Greek Literature at the Sorbonne.',
        'Она читает лекции по греческой литературе в Сорбонне.', 1, 0, 'media/.mp3');

insert into card (id, en_sentence, rus_sentence, missed_word, topic, location)
values (72, 'We have got our mock exams next month.',
        'В следующем месяце у нас пробные экзамены.', 4, 0, 'media/.mp3');

insert into card (id, en_sentence, rus_sentence, missed_word, topic, location)
values (73, 'They accused her of plagiarising speech.',
        'Они обвинили ее в плагиате речи.', 4, 0, 'media/.mp3');

insert into card (id, en_sentence, rus_sentence, missed_word, topic, location)
values (74, 'He has been getting private tuition in French.',
        'Он получал частное обучение французскому языку.', 5, 0, 'media/.mp3');

insert into card (id, en_sentence, rus_sentence, missed_word, topic, location)
values (75, 'If you wanna keep up, you better brush up on your skills.',
        'Если ты не хочешь отставать, тебе стоит освежить свои навыки.', 8, 1, 'media/0075.mp3');

insert into card (id, en_sentence, rus_sentence, missed_word, topic, location)
values (76, 'But lately I have come around to her way of view.',
        'Но недавно я принял ее точку зрения.', 5, 1, 'media/0076.mp3');

insert into card (id, en_sentence, rus_sentence, missed_word, topic, location)
values (77, 'You know, it\'s easier to come up with a new plan in silence.',
        'Знаешь, новый план легче придумывать в тишине.', 6, 1, 'media/0077.mp3');

insert into card (id, en_sentence, rus_sentence, missed_word, topic, location)
values (78, 'I was being too young and foolish to face up to them.',
        'Я был слишком молод и глуп, чтобы признать это.', 8, 1, 'media/0078.mp3');

insert into card (id, en_sentence, rus_sentence, missed_word, topic, location)
values (79, 'Quickly racking his brain, he hit upon a promising idea.',
        'Быстро поразмыслив, он наткнулся на многообещающую идею.', 6, 1, 'media/0079.mp3');

insert into card (id, en_sentence, rus_sentence, missed_word, topic, location)
values (80, 'But it was impossible to make out what he said.',
        'Но нельзя было разобрать, что он говорил.', 6, 1, 'media/0080.mp3');

insert into card (id, en_sentence, rus_sentence, missed_word, topic, location)
values (81, 'I\'m just quietly mulling over whether or not I should fire you.',
        'Я потихоньку обдумываю увольнять тебя или нет.', 3, 1, 'media/0081.mp3');

insert into card (id, en_sentence, rus_sentence, missed_word, topic, location)
values (82, 'When he heard about the gun, he must have pieced it together.',
        'Когда он услышал о пистолете, должно быть, он соединил все факты.', 9, 1, 'media/0082.mp3');

insert into card (id, en_sentence, rus_sentence, missed_word, topic, location)
values (83, 'I need to read up on the rules before then.',
        'Перед этим нужно ознакомиться с правилами.', 4, 1, 'media/0083.mp3');

insert into card (id, en_sentence, rus_sentence, missed_word, topic, location)
values (84, 'I\'ve swotted up on all procedures and I\'ve made these flash cards.',
        'Я вызубрила все процедуры и подготовила эти карточки с текстом.', 1, 1, 'media/0084.mp3');

insert into card (id, en_sentence, rus_sentence, missed_word, topic, location)
values (85, 'Don\'t take it so seriously, it\'s just a bit of fun.',
        'Не воспринимай это так серьезно, это же просто забава.', 1, 1, 'media/0085.mp3');

insert into card (id, en_sentence, rus_sentence, missed_word, topic, location)
values (86, 'I will give you two days to think it over.',
        'На размышление я даю вам два дня.', 9, 1, 'media/0086.mp3');

insert into card (id, en_sentence, rus_sentence, missed_word, topic, location)
values (87, 'The visit made us think through other ways to get out of poverty.',
        'Этот визит заставил нас подумать о других способах выбраться из бедности.', 5, 1, 'media/0087.mp3');

insert into card (id, en_sentence, rus_sentence, missed_word, topic, location)
values (88, 'The best advertising was impossible to think up.',
        'Лучшую рекламу было просто невозможно придумать.', 6, 1, 'media/0088.mp3');

insert into card (id, en_sentence, rus_sentence, missed_word, topic, location)
values (89, 'Fame and fortune had gone to his head.',
        'Слава и богатство вскружили ему в голову.', 4, 2, 'media/.mp3');

insert into card (id, en_sentence, rus_sentence, missed_word, topic, location)
values (90, 'She managed to keep her wits about her and escaped unharmed.',
        'Ей удалось сохранить самообладание и сбежать целой и невредимой.', 5, 2, 'media/.mp3');

insert into card (id, en_sentence, rus_sentence, missed_word, topic, location)
values (91, 'He also keeps her in the dark about their grandchild.',
        'Он также держит её в неведении относительно их внучки.', 6, 2, 'media/.mp3');

insert into card (id, en_sentence, rus_sentence, missed_word, topic, location)
values (92, 'If you have no witnesses, you don\'t have a leg to stand on.',
        'Если у вас нет свидетелей, вам не на что опереться.', 11, 2, 'media/.mp3');

insert into card (id, en_sentence, rus_sentence, missed_word, topic, location)
values (93, 'I can\'t see the wood for the trees, so let\'s get an outsider to take a look at the project.',
        'Я не вижу леса за деревьями, так что давайте попросим постороннего взглянуть на проект.', 6, 2, 'media/.mp3');

insert into card (id, en_sentence, rus_sentence, missed_word, topic, location)
values (94, 'She is not an intellectual, but is quick on the uptake.',
        'Она не интеллектуалка, но соображает быстро.', 10, 2, 'media/.mp3');

insert into card (id, en_sentence, rus_sentence, missed_word, topic, location)
values (95, 'That name rings a bell but I cannot recall where I have heard it before.',
        'Припоминаю это имя, но я не могу вспомнить, где я слышал его раньше.', 4, 2, 'media/.mp3');

insert into card (id, en_sentence, rus_sentence, missed_word, topic, location)
values (96, 'I am going to round the bend if they don\'t turn that music down.',
        'Я сойду с ума, если они не убавят эту музыку.', 4, 2, 'media/.mp3');

insert into card (id, en_sentence, rus_sentence, missed_word, topic, location)
values (97, 'As a lawyer I split hairs so much that every case became a hopeless.',
        'Как юрист я придирался к каждой мелочи, поэтому каждое дело становилось безнадежным.', 5, 2, 'media/.mp3');

insert into card (id, en_sentence, rus_sentence, missed_word, topic, location)
values (98, 'Birthdays make me take stock of where I am in life.',
        'Дни рождения заставляют меня проанализировать, где я нахожусь в жизни.', 4, 2, 'media/.mp3');

insert into card (id, en_sentence, rus_sentence, missed_word, topic, location)
values (98, 'I gave an account of a circumstance which occurred in my presence on the 13th.',
        'Я дал отчет об обстоятельствах, которые произошли в моем присутствии 13-го числа.', 8, 0, 'media/.mp3');

insert into card (id, en_sentence, rus_sentence, missed_word, topic, location)
values (98, 'This should take account of policies for information dissemination and entitlement.',
        'При этом следует учитывать политику распространения информации и предоставления прав.', 10, 0, 'media/.mp3');

 insert into card (id, en_sentence, rus_sentence, missed_word, topic, location)
 values (99, 'The meeting was adjourned on account of the absence of witnesses.',
         'Заседание было отложено из-за отсутствия свидетелей.', 3, 0, 'media/.mp3');

insert into card (id, en_sentence, rus_sentence, missed_word, topic, location)
values (100, 'Not when the future of our country hangs in the balance.',
        'Только не в то время, когда будущее страны висит на волоске.', 7, 3, 'media/.mp3');

insert into card (id, en_sentence, rus_sentence, missed_word, topic, location)
values (101, 'Strike a balance between workouts and proper nutrition..',
        'Соблюдайте баланс между тренировками и правильным питанием.', 0, 2, 'media/.mp3');

insert into card (id, en_sentence, rus_sentence, missed_word, topic, location)
values (102, 'But, on balance, we are on the right track..',
        'Однако, в целом, мы находимся на верном пути.', 2, 2, 'media/.mp3');

insert into card (id, en_sentence, rus_sentence, missed_word, topic, location)
values (103, 'Both sides have come together to redress the balance.',
        'Обе стороны собрались вместе, чтобы восстановить равновесие.', 8, 0, 'media/.mp3');

insert into card (id, en_sentence, rus_sentence, missed_word, topic, location)
values (104, 'With frequent use, they can upset the balance of the normal microbial environment on skin.',
        'При частом использовании они могут нарушить баланс нормальной микробной среды на коже.', 5, 2, 'media/.mp3');

insert into card (id, en_sentence, rus_sentence, missed_word, topic, location)
values (105, 'It is a widely held belief that foreigners are jumping the queue for council housing.',
        'Широко распространено мнение, что иностранцы встают в очередь на муниципальное жилье.', 3, 3, 'media/.mp3');

insert into card (id, en_sentence, rus_sentence, missed_word, topic, location)
values (106, 'Carter was the brain behind the whole criminal operation.',
        'Картер был мозгом всей преступной операции.', 4, 3, 'media/.mp3');

insert into card (id, en_sentence, rus_sentence, missed_word, topic, location)
values (107, 'Could I just pick your brain about good places to eat around here?',
        'Могу я узнать, где здесь можно поесть?', 5, 3, 'media/.mp3');

insert into card (id, en_sentence, rus_sentence, missed_word, topic, location)
values (108, 'We sat there racking our brain trying to think of a place to take Paul in the evening.',
        'Мы сидели, ломая голову, пытаясь придумать, куда бы отвезти Пола вечером.', 3, 3, 'media/.mp3');

insert into card (id, en_sentence, rus_sentence, missed_word, topic, location)
values (109, 'The market is the brainchild of several banks that "create supply and demand".',
        'Рынок – это детище нескольких банков, которые «создают спрос и предложение».', 4, 3, 'media/.mp3');

insert into card (id, en_sentence, rus_sentence, missed_word, topic, location)
values (110, '.',
        '.', 8, 0, 'media/.mp3');

insert into card (id, en_sentence, rus_sentence, missed_word, topic, location)
values (111, '.',
        '.', 8, 0, 'media/.mp3');

insert into card (id, en_sentence, rus_sentence, missed_word, topic, location)
values (112, '.',
        '.', 8, 0, 'media/.mp3');

insert into card (id, en_sentence, rus_sentence, missed_word, topic, location)
values (113, '.',
        '.', 8, 0, 'media/.mp3');

insert into card (id, en_sentence, rus_sentence, missed_word, topic, location)
values (114, '.',
        '.', 8, 0, 'media/.mp3');

insert into users (id, email, password, user_role)
 values (1, 'admin@admin.com', '$2a$12$nRKrtJpoPXonmfoTxNS9c.Gi56j6XmnmJM38.JlinVb7/rxwLWyVy', 'ADMIN');
insert into users (id, email, password, user_role)
 values (2, 'user@user.com', '$2a$12$Jycus7lth9cTTpj8OHgjmeoDuNb79dXTNddi1UuPYKclfLmSUEIJu', 'USER');

insert into progress (id, card_id, probability, user_id) values (3, 3, 1.00, 2);
insert into progress (id, card_id, probability, user_id) values (4, 4, 1.00, 2);
insert into progress (id, card_id, probability, user_id) values (5, 5, 1.00, 2);
insert into progress (id, card_id, probability, user_id) values (6, 6, 1.00, 2);
insert into progress (id, card_id, probability, user_id) values (7, 7, 1.00, 2);
insert into progress (id, card_id, probability, user_id) values (8, 8, 1.00, 2);
insert into progress (id, card_id, probability, user_id) values (9, 9, 1.00, 2);
insert into progress (id, card_id, probability, user_id) values (10, 10, 1.00, 2);
insert into progress (id, card_id, probability, user_id) values (11, 11, 1.00, 1);
insert into progress (id, card_id, probability, user_id) values (12, 12, 1.00, 1);
insert into progress (id, card_id, probability, user_id) values (13, 13, 1.00, 1);
insert into progress (id, card_id, probability, user_id) values (14, 14, 1.00, 1);
insert into progress (id, card_id, probability, user_id) values (15, 15, 1.00, 1);
insert into progress (id, card_id, probability, user_id) values (16, 16, 1.00, 1);
insert into progress (id, card_id, probability, user_id) values (17, 17, 1.00, 1);
insert into progress (id, card_id, probability, user_id) values (18, 18, 1.00, 1);
insert into progress (id, card_id, probability, user_id) values (19, 19, 1.00, 1);
insert into progress (id, card_id, probability, user_id) values (20, 20, 1.00, 1);
insert into progress (id, card_id, probability, user_id) values (21, 21, 1.00, 1);
insert into progress (id, card_id, probability, user_id) values (22, 22, 1.00, 1);
insert into progress (id, card_id, probability, user_id) values (23, 23, 1.00, 1);
insert into progress (id, card_id, probability, user_id) values (24, 24, 1.00, 1);
insert into progress (id, card_id, probability, user_id) values (25, 25, 1.00, 1);
insert into progress (id, card_id, probability, user_id) values (26, 26, 1.00, 1);
insert into progress (id, card_id, probability, user_id) values (27, 27, 1.00, 1);
insert into progress (id, card_id, probability, user_id) values (28, 28, 1.00, 1);
insert into progress (id, card_id, probability, user_id) values (29, 29, 1.00, 1);
insert into progress (id, card_id, probability, user_id) values (30, 30, 1.00, 1);
insert into progress (id, card_id, probability, user_id) values (31, 31, 1.00, 1);
insert into progress (id, card_id, probability, user_id) values (32, 32, 1.00, 1);
insert into progress (id, card_id, probability, user_id) values (33, 33, 1.00, 1);
insert into progress (id, card_id, probability, user_id) values (34, 34, 1.00, 1);
insert into progress (id, card_id, probability, user_id) values (35, 35, 1.00, 1);
insert into progress (id, card_id, probability, user_id) values (36, 36, 1.00, 1);
insert into progress (id, card_id, probability, user_id) values (37, 37, 1.00, 1);
insert into progress (id, card_id, probability, user_id) values (38, 38, 1.00, 1);
insert into progress (id, card_id, probability, user_id) values (39, 39, 1.00, 1);
insert into progress (id, card_id, probability, user_id) values (40, 40, 1.00, 1);
insert into progress (id, card_id, probability, user_id) values (41, 41, 1.00, 1);
insert into progress (id, card_id, probability, user_id) values (42, 42, 1.00, 1);
insert into progress (id, card_id, probability, user_id) values (43, 43, 1.00, 1);
insert into progress (id, card_id, probability, user_id) values (44, 44, 1.00, 1);
insert into progress (id, card_id, probability, user_id) values (45, 45, 1.00, 1);
insert into progress (id, card_id, probability, user_id) values (46, 46, 1.00, 1);
insert into progress (id, card_id, probability, user_id) values (47, 47, 1.00, 1);
insert into progress (id, card_id, probability, user_id) values (48, 48, 1.00, 1);
insert into progress (id, card_id, probability, user_id) values (49, 49, 1.00, 1);
insert into progress (id, card_id, probability, user_id) values (50, 50, 1.00, 1);
insert into progress (id, card_id, probability, user_id) values (51, 51, 1.00, 1);
insert into progress (id, card_id, probability, user_id) values (52, 52, 1.00, 1);
insert into progress (id, card_id, probability, user_id) values (53, 53, 1.00, 1);
insert into progress (id, card_id, probability, user_id) values (54, 54, 1.00, 1);
insert into progress (id, card_id, probability, user_id) values (55, 55, 1.00, 1);
insert into progress (id, card_id, probability, user_id) values (56, 56, 1.00, 1);
insert into progress (id, card_id, probability, user_id) values (57, 57, 1.00, 1);
insert into progress (id, card_id, probability, user_id) values (58, 58, 1.00, 1);
insert into progress (id, card_id, probability, user_id) values (59, 59, 1.00, 1);
insert into progress (id, card_id, probability, user_id) values (60, 60, 1.00, 1);
insert into progress (id, card_id, probability, user_id) values (61, 61, 1.00, 1);
insert into progress (id, card_id, probability, user_id) values (62, 62, 1.00, 1);
insert into progress (id, card_id, probability, user_id) values (63, 63, 1.00, 1);
insert into progress (id, card_id, probability, user_id) values (64, 64, 1.00, 1);
insert into progress (id, card_id, probability, user_id) values (65, 65, 1.00, 1);
insert into progress (id, card_id, probability, user_id) values (66, 66, 1.00, 1);
insert into progress (id, card_id, probability, user_id) values (67, 67, 1.00, 1);
insert into progress (id, card_id, probability, user_id) values (68, 68, 1.00, 1);
insert into progress (id, card_id, probability, user_id) values (69, 69, 1.00, 1);
insert into progress (id, card_id, probability, user_id) values (70, 70, 1.00, 1);
insert into progress (id, card_id, probability, user_id) values (71, 71, 1.00, 1);
insert into progress (id, card_id, probability, user_id) values (72, 72, 1.00, 1);
insert into progress (id, card_id, probability, user_id) values (73, 73, 1.00, 1);
insert into progress (id, card_id, probability, user_id) values (74, 74, 1.00, 1);
insert into progress (id, card_id, probability, user_id) values (75, 75, 1.00, 1);
insert into progress (id, card_id, probability, user_id) values (76, 76, 1.00, 1);
insert into progress (id, card_id, probability, user_id) values (77, 77, 1.00, 1);
insert into progress (id, card_id, probability, user_id) values (78, 78, 1.00, 1);
insert into progress (id, card_id, probability, user_id) values (79, 79, 1.00, 1);
insert into progress (id, card_id, probability, user_id) values (80, 80, 1.00, 1);
insert into progress (id, card_id, probability, user_id) values (81, 81, 1.00, 1);
insert into progress (id, card_id, probability, user_id) values (82, 82, 1.00, 1);
insert into progress (id, card_id, probability, user_id) values (83, 83, 1.00, 1);
insert into progress (id, card_id, probability, user_id) values (84, 84, 1.00, 1);
insert into progress (id, card_id, probability, user_id) values (85, 85, 1.00, 1);
insert into progress (id, card_id, probability, user_id) values (86, 86, 1.00, 1);
insert into progress (id, card_id, probability, user_id) values (87, 87, 1.00, 1);
insert into progress (id, card_id, probability, user_id) values (88, 88, 1.00, 1);
insert into progress (id, card_id, probability, user_id) values (89, 89, 1.00, 1);
insert into progress (id, card_id, probability, user_id) values (90, 90, 1.00, 1);
insert into progress (id, card_id, probability, user_id) values (91, 91, 1.00, 1);
insert into progress (id, card_id, probability, user_id) values (92, 92, 1.00, 1);
insert into progress (id, card_id, probability, user_id) values (93, 93, 1.00, 1);
insert into progress (id, card_id, probability, user_id) values (94, 94, 1.00, 1);
insert into progress (id, card_id, probability, user_id) values (95, 95, 1.00, 1);
insert into progress (id, card_id, probability, user_id) values (96, 96, 1.00, 1);
insert into progress (id, card_id, probability, user_id) values (97, 97, 1.00, 1);
insert into progress (id, card_id, probability, user_id) values (98, 98, 1.00, 1);
































